source,campaign,influencer_id,user_id,product,date,orders,revenue
Gritzo,Campaign_1,19,d9beccff-33a3-45f3-82bd-eabe706078eb,Whey Protein,2025-05-26,8,75.23
HKVitals,Campaign_4,100,4937b90f-84a5-418b-8dcd-0a34ee462fcd,Whey Protein,2025-02-25,3,448.65
Gritzo,Campaign_8,90,82b34384-9979-4f26-88b1-90e1089a9f4f,Whey Protein,2025-04-29,2,229.23
MuscleBlaze,Campaign_2,72,2b633b18-9d7d-4756-bb4e-c9f5b2cd9a0a,Multivitamins,2025-05-29,3,204.61
HKVitals,Campaign_9,18,a7af5545-3d3f-4c1b-9c17-ebb5093b4d72,Kids Nutrition,2025-01-19,9,371.33
HKVitals,Campaign_8,77,ff2f6883-163b-4481-a84e-4cd4f9c3ee05,Kids Nutrition,2025-03-13,7,167.82
Gritzo,Campaign_7,93,ab6ef8dd-5a66-4316-a641-4954c798a445,Kids Nutrition,2025-04-05,7,53.71
MuscleBlaze,Campaign_8,58,848ac924-3347-4a91-9609-598e67cba27a,Multivitamins,2025-01-21,9,446.36
MuscleBlaze,Campaign_5,34,eb4f3638-1190-4515-b420-9103bca726eb,Kids Nutrition,2025-02-05,4,242.25
Gritzo,Campaign_4,63,d46b7756-b9e4-49ef-88d4-95a48cb21aa2,Multivitamins,2025-05-07,3,327.92
MuscleBlaze,Campaign_5,57,58f42098-591c-4524-953b-0f1fea3e072a,Whey Protein,2025-06-26,2,52.59
HKVitals,Campaign_6,35,f68ae9b7-9b3a-41d1-b9ee-80ab46c937e0,Kids Nutrition,2025-02-25,6,297.55
MuscleBlaze,Campaign_3,11,932d1648-6769-40f1-ae01-b9e0746b161a,Whey Protein,2025-01-19,8,297.4
Gritzo,Campaign_3,50,8198d1f5-6839-498f-accf-147242d7f112,Kids Nutrition,2025-02-08,3,195.6
MuscleBlaze,Campaign_7,28,4b541670-80cf-41db-9287-e3138f026c2c,Multivitamins,2025-03-26,5,187.91
Gritzo,Campaign_8,43,8366c189-cd8d-4f75-9df4-4d3ef26f9b19,Multivitamins,2025-03-10,2,129.73
MuscleBlaze,Campaign_7,8,cb1b8eff-d02a-4cbb-89b4-094ae048f1de,Multivitamins,2025-05-10,6,306.83
Gritzo,Campaign_1,99,f74f6900-7159-4914-b1b6-8ecd400945ce,Kids Nutrition,2025-04-02,1,13.69
HKVitals,Campaign_1,49,3e4727fd-c51c-41f4-bbcf-2b31902bd154,Multivitamins,2025-06-15,5,84.9
HKVitals,Campaign_7,39,75771730-c68d-44b2-b613-bda056f401e5,Kids Nutrition,2025-05-31,7,249.03
Gritzo,Campaign_9,96,dcad8ec2-963a-4333-a582-95dc75f1c654,Kids Nutrition,2025-01-24,8,449.42
HKVitals,Campaign_4,29,114b3c79-4200-49f5-9dc3-c26e7b62659e,Multivitamins,2025-04-03,7,35.3
HKVitals,Campaign_1,56,386af9dd-fe83-432a-89e5-5c47a237a8c1,Multivitamins,2025-05-30,8,351.51
Gritzo,Campaign_7,44,50d3ba03-ccd7-408f-badc-b38cb38046ef,Kids Nutrition,2025-04-09,8,64.9
HKVitals,Campaign_3,22,89207bc4-8439-4ed9-9a64-845ef49816ad,Kids Nutrition,2025-01-20,2,292.24
MuscleBlaze,Campaign_7,69,3f8dcf96-436a-42bb-9509-8e07b368d836,Kids Nutrition,2025-03-15,4,12.6
Gritzo,Campaign_1,73,bfb0942c-ac77-4762-a620-516717cf775f,Whey Protein,2025-06-27,6,136.37
HKVitals,Campaign_3,83,ee6ffbea-8df7-4647-9376-9ff9578cd875,Multivitamins,2025-02-22,8,364.22
MuscleBlaze,Campaign_5,24,37f3f32b-5a81-462a-9059-f77b79ff89d9,Multivitamins,2025-07-11,9,362.04
MuscleBlaze,Campaign_8,42,f2765513-2eca-4629-84e2-269192ded495,Multivitamins,2025-06-12,8,243.54
HKVitals,Campaign_5,44,30aed12d-e8f1-4194-ae25-356aaee01ec9,Multivitamins,2025-04-25,5,101.65
MuscleBlaze,Campaign_8,33,bc45144a-3c1f-4ff0-b31d-58bbbcb3636d,Whey Protein,2025-03-07,6,358.37
Gritzo,Campaign_1,96,3aad5840-34ef-41df-83f1-9b58df6c0d60,Multivitamins,2025-02-27,4,258.73
Gritzo,Campaign_2,29,9e5c5dcd-d61a-480a-bfec-0a37d5bea8dc,Kids Nutrition,2025-03-29,1,269.62
MuscleBlaze,Campaign_4,6,1eb05b4a-1b4f-4d5f-8768-833927ef5357,Whey Protein,2025-07-16,1,309.2
Gritzo,Campaign_3,3,a9d6290d-f4ad-4a22-ad02-05f51417c2f9,Whey Protein,2025-04-24,6,294.81
HKVitals,Campaign_2,17,db6a34ea-c3a5-4237-81b2-16cf9d23c3cf,Kids Nutrition,2025-05-04,4,167.11
HKVitals,Campaign_5,28,7b777e71-d917-48f8-8ad1-c18cf53f091e,Multivitamins,2025-04-01,3,35.39
Gritzo,Campaign_10,22,e5eb4549-7e0a-44c2-90bf-29959ee4105d,Kids Nutrition,2025-07-09,2,232.59
MuscleBlaze,Campaign_3,92,4654e77d-de67-4278-9313-b3a7e5a1c6e4,Multivitamins,2025-04-24,5,41.05
Gritzo,Campaign_1,14,ea7f6c7d-c3a6-4204-bc01-4a222ed0b0b2,Multivitamins,2025-04-28,2,167.95
Gritzo,Campaign_7,74,c00b19de-38db-428d-a5db-6e4347bf8db7,Multivitamins,2025-05-10,2,53.06
MuscleBlaze,Campaign_2,92,cc9cf41c-8696-4901-8ddc-a78820d4ba18,Kids Nutrition,2025-04-11,5,11.33
Gritzo,Campaign_4,89,08560684-8a6f-44b3-b08d-312e7a732f35,Whey Protein,2025-04-26,9,301.86
HKVitals,Campaign_10,90,afb3e3ad-dc43-4ed5-a4ca-a1c758e7edf8,Whey Protein,2025-06-18,8,306.99
MuscleBlaze,Campaign_6,73,1ed072e9-f9fc-4034-b50a-cc982cbfb769,Kids Nutrition,2025-06-03,3,180.95
Gritzo,Campaign_6,55,b0701a53-50ce-457f-b5c7-2fb684a91789,Whey Protein,2025-01-20,1,426.86
Gritzo,Campaign_6,65,61223189-35f3-4e4a-ac92-04b40306a258,Whey Protein,2025-05-11,2,70.91
HKVitals,Campaign_2,54,9cdf0664-5c91-4845-934f-c96d19ca9c1b,Multivitamins,2025-07-05,8,495.56
Gritzo,Campaign_8,47,434a130e-8c6e-46ad-afe9-38e4427bbffb,Kids Nutrition,2025-03-06,2,98.8
HKVitals,Campaign_3,20,9cf3137e-f562-437b-b8aa-16ea44f7f01a,Kids Nutrition,2025-03-26,3,463.96
Gritzo,Campaign_5,67,6c878546-7faf-4458-af14-f7775dad348e,Kids Nutrition,2025-02-28,6,33.57
HKVitals,Campaign_8,69,5f4faf10-c08f-46d7-b361-e70a6b49acc6,Multivitamins,2025-03-30,8,415.69
Gritzo,Campaign_5,94,7362f9b7-4795-4d1d-a68d-3c8bdab51d55,Multivitamins,2025-02-22,5,108.8
MuscleBlaze,Campaign_5,32,936db4a7-fab1-496a-a192-56139247e851,Multivitamins,2025-06-01,3,90.49
HKVitals,Campaign_10,32,b8875caf-1991-403f-906e-ccbc3a8359b6,Kids Nutrition,2025-03-12,5,125.49
HKVitals,Campaign_6,86,6ea5e341-8e2a-43ff-bc5d-ba42cdd8af09,Whey Protein,2025-07-04,4,164.94
HKVitals,Campaign_3,64,cccf4130-2556-43d4-b231-32fa618192de,Multivitamins,2025-06-11,9,344.66
HKVitals,Campaign_5,28,027e789c-ce40-483b-b915-ad7e2648c819,Multivitamins,2025-02-22,8,225.18
Gritzo,Campaign_5,36,fedd22d9-226c-4c6a-bfe5-a4b66be8c756,Kids Nutrition,2025-07-11,3,315.81
Gritzo,Campaign_4,2,88b3152d-845a-41b8-a172-6883d9719e00,Whey Protein,2025-06-07,1,376.33
Gritzo,Campaign_7,31,4ccf0a4b-7c93-443e-890b-945450d3802d,Multivitamins,2025-03-08,1,123.78
MuscleBlaze,Campaign_8,72,0c36ad4e-915d-4a63-9bc6-c9288fe84e20,Kids Nutrition,2025-04-06,1,201.83
HKVitals,Campaign_8,92,0f5e8b47-29d0-4613-b0c7-700219566990,Whey Protein,2025-03-01,2,276.34
HKVitals,Campaign_4,12,d6c6d997-79fe-4ccc-8119-20f6d0566199,Multivitamins,2025-05-21,8,122.22
MuscleBlaze,Campaign_5,89,55ac0d06-be9d-4951-b329-af6e18a73d94,Kids Nutrition,2025-03-10,7,67.28
HKVitals,Campaign_8,75,8eb7c306-8f73-498e-9c3d-0d5f5c6801d6,Kids Nutrition,2025-07-18,6,173.08
HKVitals,Campaign_7,68,0513eda8-5819-43cc-81f9-994acf5d337f,Kids Nutrition,2025-04-08,3,174.1
HKVitals,Campaign_6,71,adf9568b-de0b-4e18-99e1-10eb1f096b9d,Kids Nutrition,2025-05-16,4,399.07
HKVitals,Campaign_5,59,a65d958e-936d-41a8-93ac-b00e32eeeb38,Multivitamins,2025-05-25,1,271.4
MuscleBlaze,Campaign_4,30,c7c2564a-fab8-428f-acae-93a289d716ef,Multivitamins,2025-03-15,7,290.84
Gritzo,Campaign_9,16,82ac7e1d-ac56-4da6-9339-1df45ae86d18,Kids Nutrition,2025-04-23,6,378.68
MuscleBlaze,Campaign_4,24,e3bef3d6-726a-430d-bc8c-fa8fc655a597,Kids Nutrition,2025-02-03,5,391.5
HKVitals,Campaign_10,62,76b874d3-4959-4bed-9d19-11a5618dde71,Kids Nutrition,2025-05-21,1,26.43
HKVitals,Campaign_2,77,2ae63af6-de46-422e-a514-c7cef4e35f7b,Whey Protein,2025-05-23,6,359.89
MuscleBlaze,Campaign_6,38,6bfc2a47-565f-4491-adb6-8b81cec68cfe,Whey Protein,2025-05-21,5,439.62
MuscleBlaze,Campaign_9,39,d9518f98-679f-4f42-9256-d7079cc05b67,Whey Protein,2025-07-14,1,60.43
MuscleBlaze,Campaign_1,36,57f7d71f-2978-4c73-9440-adec12439b0f,Kids Nutrition,2025-03-04,4,233.93
Gritzo,Campaign_3,38,4a965478-a72b-4ddd-911e-eeb850405c43,Kids Nutrition,2025-06-05,4,204.67
HKVitals,Campaign_2,97,653c8f74-a507-4897-9afa-826744791214,Whey Protein,2025-03-12,8,83.46
HKVitals,Campaign_8,74,dce0e2bb-c7ed-4a02-b1e4-dc42e33fc52c,Multivitamins,2025-07-20,4,363.9
HKVitals,Campaign_3,57,855c0a97-9640-4fcd-bf76-14495cf85eeb,Whey Protein,2025-04-16,2,15.98
HKVitals,Campaign_2,33,daada0b1-2f13-4a6d-aad5-5c0b69fb2fe6,Whey Protein,2025-01-23,3,350.03
HKVitals,Campaign_2,52,a97a4f4e-3c10-471b-ba4f-4b0320029d9f,Kids Nutrition,2025-03-08,4,360.93
Gritzo,Campaign_1,81,bfeef19d-b360-4faa-be6e-9d47f0c0804b,Whey Protein,2025-02-03,5,415.13
Gritzo,Campaign_5,20,1a5ed196-65a4-479b-aaba-a4f935e80364,Whey Protein,2025-02-06,8,295.86
MuscleBlaze,Campaign_9,32,7922b440-e0f1-444c-afd1-b5881054b2d5,Multivitamins,2025-05-05,8,217.56
Gritzo,Campaign_10,78,65a29cc8-c55b-495d-86bf-d9c40dc78104,Whey Protein,2025-04-30,8,257.89
Gritzo,Campaign_7,100,1a9b0d42-154f-437d-befa-c198c3d6cd54,Multivitamins,2025-03-10,9,135.45
HKVitals,Campaign_10,57,a7a31d25-1595-4c42-a7c0-0f899e3bf1b3,Multivitamins,2025-07-18,8,437.34
Gritzo,Campaign_10,40,3ab7127e-4f32-4a54-a3cc-f604e2ae3f87,Whey Protein,2025-03-08,4,460.19
Gritzo,Campaign_2,79,a06109db-7172-4636-88bf-b602bcd2e8eb,Whey Protein,2025-02-12,5,462.02
MuscleBlaze,Campaign_5,81,2bacf712-d6a9-49e8-86d8-95e5219b606d,Kids Nutrition,2025-01-24,8,329.17
MuscleBlaze,Campaign_4,11,dc412176-5b59-428e-a9de-5b2608ffeab0,Whey Protein,2025-07-15,1,292.38
MuscleBlaze,Campaign_3,71,7799fddb-79e5-46e7-9d3e-e854534064b0,Whey Protein,2025-07-07,9,217.82
HKVitals,Campaign_10,53,8c6d768e-45bc-43ba-af52-d36e8a63b93c,Multivitamins,2025-04-15,8,421.82
MuscleBlaze,Campaign_4,38,b29769b2-f2cf-4cae-b833-ebfb2296e3f1,Multivitamins,2025-05-03,7,70.18
HKVitals,Campaign_8,91,74e0079a-98fb-4727-9740-b2122d5245f4,Whey Protein,2025-05-21,5,492.57
MuscleBlaze,Campaign_5,88,9061498f-e096-421e-a2c7-23d4bfb8abb9,Kids Nutrition,2025-04-13,4,71.08
Gritzo,Campaign_4,76,88a613b4-a3b8-4f92-a3c9-0c6a86017633,Multivitamins,2025-03-20,9,172.75
Gritzo,Campaign_4,15,8a27b0b0-7b4d-4646-98e0-058fe8af301f,Kids Nutrition,2025-03-04,6,264.23
HKVitals,Campaign_3,20,4ed0730d-711d-41dd-96ed-0330ce015413,Whey Protein,2025-03-31,8,307.87
MuscleBlaze,Campaign_5,8,4db6f475-27dd-4ac4-8282-b6e46986305a,Kids Nutrition,2025-01-21,9,374.68
Gritzo,Campaign_5,96,c21f84fc-d0bc-4ad5-85f8-0d9b00060d5a,Multivitamins,2025-07-02,4,396.02
HKVitals,Campaign_5,16,781d5b6c-4969-4032-9808-d79022e49628,Kids Nutrition,2025-05-02,9,65.99
HKVitals,Campaign_9,52,7def3b8e-ec0d-4c3a-b011-b125022111e5,Kids Nutrition,2025-06-14,4,273.32
HKVitals,Campaign_2,64,c4100108-0256-4389-8cb3-46637a211151,Kids Nutrition,2025-04-12,6,179.71
HKVitals,Campaign_6,6,3b30ee97-98d5-4cf5-8afc-f9e8cc476b72,Kids Nutrition,2025-06-22,2,245.61
MuscleBlaze,Campaign_2,33,30463008-5fa7-4012-8c57-a27701d909b4,Whey Protein,2025-04-08,1,297.66
Gritzo,Campaign_10,87,650e78e4-6fe6-43f1-8f80-7d8be1d55f85,Whey Protein,2025-03-08,3,131.63
Gritzo,Campaign_5,98,a55fa725-bcb3-4168-b706-2cfa29cc0789,Kids Nutrition,2025-04-04,9,254.2
MuscleBlaze,Campaign_8,6,4352acea-3878-4ecf-a0dc-12ebd413c850,Kids Nutrition,2025-02-03,6,26.6
HKVitals,Campaign_5,84,84408e98-3d53-4c43-a015-2b5b6c17e150,Whey Protein,2025-06-16,1,187.57
HKVitals,Campaign_8,75,cebd3b2b-9cfb-4ce7-a8f2-c584ccca1e14,Whey Protein,2025-06-02,6,117.85
HKVitals,Campaign_7,61,a60147c3-48e0-4502-8598-f3c8af449605,Multivitamins,2025-06-12,2,335.13
Gritzo,Campaign_2,42,69b41194-44d1-4524-8f0e-1567882d7fc1,Whey Protein,2025-02-24,7,488.02
HKVitals,Campaign_8,43,22f9cafe-2eb2-4ca3-9186-da93da7dcc53,Multivitamins,2025-03-16,9,82.84
HKVitals,Campaign_9,85,9e2383d0-7491-4c14-a30b-669c1c405045,Whey Protein,2025-04-16,6,431.71
MuscleBlaze,Campaign_6,59,7df37378-9f6c-4ab4-b352-2c1845aa9503,Multivitamins,2025-02-24,8,256.08
MuscleBlaze,Campaign_7,42,0cb4afe1-26f3-41c8-84f7-18c85215b503,Kids Nutrition,2025-05-02,1,161.87
Gritzo,Campaign_9,1,1a2e9864-f8ea-4a36-af99-9b2a05aa5eab,Multivitamins,2025-03-14,7,219.13
MuscleBlaze,Campaign_4,53,703c1286-b717-44cd-a002-91bb44e9f8fb,Kids Nutrition,2025-06-09,8,450.05
Gritzo,Campaign_8,47,269334ef-1717-4654-bb99-78150219a9c7,Kids Nutrition,2025-01-21,1,27.91
MuscleBlaze,Campaign_4,57,6b950c1d-5787-49d9-b799-a3767e5b3ac9,Multivitamins,2025-03-20,8,297.85
MuscleBlaze,Campaign_5,71,ff7a884d-7f96-4d35-8ca9-9089c9254bb5,Multivitamins,2025-04-01,1,390.01
HKVitals,Campaign_2,90,081fec82-ca9a-4f77-b26a-51a576b40672,Whey Protein,2025-03-24,2,266.95
Gritzo,Campaign_4,81,f39ef1be-c025-43ea-97f2-a67814898025,Kids Nutrition,2025-02-16,1,206.37
HKVitals,Campaign_9,21,6475c0ee-c691-4069-8439-940d0e588770,Whey Protein,2025-02-01,6,385.02
HKVitals,Campaign_2,71,3133839e-2e7d-452b-b85b-8a078b0ea0b9,Whey Protein,2025-07-11,4,99.14
HKVitals,Campaign_2,15,61af0e8e-d137-47e1-8005-353dd76f1e65,Kids Nutrition,2025-06-28,7,473.6
HKVitals,Campaign_5,20,c4a531cd-f97f-4994-9f38-df55033ac4d6,Kids Nutrition,2025-06-06,3,325.56
HKVitals,Campaign_7,91,f997c779-c56f-45e6-a282-1d613fbbff57,Multivitamins,2025-04-15,1,22.44
MuscleBlaze,Campaign_8,61,08942176-fe99-4f69-bcd4-99753f46057b,Kids Nutrition,2025-02-26,2,434.83
HKVitals,Campaign_4,19,180dc855-c55f-4de8-bc3e-1d1975f94230,Kids Nutrition,2025-04-30,8,23.28
Gritzo,Campaign_3,66,790b185c-355c-4a9c-bb6b-f1dcaa7f7e06,Whey Protein,2025-04-04,7,134.41
HKVitals,Campaign_6,36,efabcd73-4fe6-4636-b612-1d2cae7300eb,Kids Nutrition,2025-03-22,7,339.23
MuscleBlaze,Campaign_5,35,0accb23c-ba6d-4ed8-a110-e887289ac251,Kids Nutrition,2025-06-12,8,61.01
Gritzo,Campaign_10,39,1f44aa88-855b-4c5b-8cb1-457eeffad15b,Kids Nutrition,2025-03-09,5,97.49
MuscleBlaze,Campaign_8,63,32df8d45-4c7f-43bb-a376-0c2d7b31dcdc,Kids Nutrition,2025-03-29,1,282.79
HKVitals,Campaign_6,62,aaac826e-dd18-4b28-8d55-9b64e3347bac,Kids Nutrition,2025-03-02,8,58.73
Gritzo,Campaign_7,98,a206527c-3c68-41d6-9ce8-e12ff9287d26,Multivitamins,2025-04-13,8,363.91
MuscleBlaze,Campaign_4,42,cb5d2b59-2ad8-40ca-83db-7a2e531350e0,Kids Nutrition,2025-03-13,8,405.36
MuscleBlaze,Campaign_7,50,ca0553a2-6553-415f-9ea1-5b0f95aeb18b,Whey Protein,2025-03-07,4,472.76
Gritzo,Campaign_8,41,94c176b9-0ac0-43d5-b805-90f002493a09,Kids Nutrition,2025-06-20,6,110.44
HKVitals,Campaign_3,49,98a15e4f-b03b-4934-b9ab-56d1b0d515ab,Multivitamins,2025-02-18,7,449.2
MuscleBlaze,Campaign_9,5,3fac4317-16e8-47b0-8552-f3c55f13fb98,Kids Nutrition,2025-02-18,7,320.29
MuscleBlaze,Campaign_8,43,9e5f8273-af9a-4168-9766-17957ffab493,Whey Protein,2025-03-25,1,111.86
HKVitals,Campaign_1,68,c27288e6-ff39-4117-b83b-1806ee4c1b18,Kids Nutrition,2025-05-20,3,70.16
HKVitals,Campaign_3,19,a502dc4b-5b03-44d8-8f4d-6c400f5f9707,Whey Protein,2025-02-17,3,295.69
HKVitals,Campaign_6,61,1b7e0502-ca9d-4831-894e-7397b38a3db1,Kids Nutrition,2025-02-12,2,447.41
HKVitals,Campaign_2,89,fb4f1972-5115-47ee-bb90-908e7ce34563,Multivitamins,2025-05-07,5,177.49
Gritzo,Campaign_7,87,58e9d0aa-c1b6-4dd4-a507-84cbc9df301e,Multivitamins,2025-06-24,2,187.9
Gritzo,Campaign_8,81,31662c94-bbb2-4366-b04f-e1a8e44cbd41,Kids Nutrition,2025-01-23,7,141.35
Gritzo,Campaign_2,5,b972393a-5bb0-4d76-a0b5-7717b072afc8,Whey Protein,2025-02-14,5,179.14
Gritzo,Campaign_5,81,7c3cc2bc-0a1b-4bd3-a60e-c813402da0fa,Whey Protein,2025-06-05,9,223.7
MuscleBlaze,Campaign_7,96,8af09ec3-4b72-4a7c-8f1c-3fa070000009,Whey Protein,2025-06-03,3,474.74
Gritzo,Campaign_2,98,2fc6c4e6-9113-4d7e-b095-26217d76ab58,Multivitamins,2025-05-04,6,392.08
Gritzo,Campaign_5,22,77e8b762-bb7e-4979-92dc-bffd59008d65,Whey Protein,2025-03-13,1,435.55
HKVitals,Campaign_1,6,ea1af7d2-9943-46bb-94d3-53a5de1f1619,Multivitamins,2025-07-05,8,492.83
HKVitals,Campaign_7,46,87f89f62-11a1-4557-a90c-44148df50b01,Whey Protein,2025-02-18,7,401.93
Gritzo,Campaign_7,32,436adb9d-d1c5-4a00-8bb1-3407730ad7de,Kids Nutrition,2025-05-04,1,247.54
MuscleBlaze,Campaign_3,88,c6a28e4e-002f-4ca4-b43e-85315dfb1922,Whey Protein,2025-05-22,1,141.65
Gritzo,Campaign_7,11,2f7f2cd7-bbd0-4e6c-a108-ffcc8186722b,Kids Nutrition,2025-07-09,8,352.43
MuscleBlaze,Campaign_8,88,5d340833-db59-4a19-9ea6-ed4a04cad30a,Kids Nutrition,2025-06-18,9,136.36
MuscleBlaze,Campaign_8,19,b893b08a-5219-4216-bd21-1daf9ec5405d,Kids Nutrition,2025-01-31,6,326.08
HKVitals,Campaign_5,33,d1ad3e51-89f9-4de9-b798-0131a885a7b4,Kids Nutrition,2025-04-04,4,74.82
HKVitals,Campaign_5,2,7f5f61aa-aee7-47a5-8629-6fbe309b48dd,Kids Nutrition,2025-06-16,2,143.43
MuscleBlaze,Campaign_2,70,487b25d7-9cf0-43dd-a775-29a28d2cfe83,Multivitamins,2025-03-22,6,458.01
Gritzo,Campaign_5,45,1c4760a5-5270-4b29-a412-47a268e8f311,Kids Nutrition,2025-02-06,5,409.38
Gritzo,Campaign_5,55,0b34fc84-1111-4e29-a8ad-153985f0786a,Multivitamins,2025-06-30,9,144.29
MuscleBlaze,Campaign_7,39,df9d3910-2dbb-45bd-a138-e2e6f013a170,Multivitamins,2025-01-25,1,208.57
MuscleBlaze,Campaign_7,14,310dc9d1-7c41-4a2a-9b67-f7bb33bb7382,Kids Nutrition,2025-02-07,6,416.57
Gritzo,Campaign_5,46,d617b9c0-a449-464f-922d-dab608252b39,Kids Nutrition,2025-04-04,7,62.22
MuscleBlaze,Campaign_7,38,9fbc879e-869c-4a8e-bd6a-b7c2a86d8706,Multivitamins,2025-06-04,6,77.07
Gritzo,Campaign_1,2,5dc96097-0c90-4028-8185-300d971df5fd,Kids Nutrition,2025-03-02,9,140.58
HKVitals,Campaign_5,96,03599c6d-1224-4bd2-b7c4-b3ee9b1fc6d1,Whey Protein,2025-07-18,8,132.86
HKVitals,Campaign_4,78,7dccc026-a7df-40b2-b56f-dc0aebc8f6b7,Kids Nutrition,2025-07-18,9,252.19
Gritzo,Campaign_5,25,77d2b94f-1478-4c9d-9503-0b43e3c7ca9a,Kids Nutrition,2025-06-23,1,215.2
Gritzo,Campaign_3,97,8eda6433-5c65-465c-8f8a-0c2ca3900bc0,Kids Nutrition,2025-06-12,2,91.48
Gritzo,Campaign_1,13,d2705470-6a7b-48b1-a3f3-42a8f030bfd4,Multivitamins,2025-03-31,1,50.57
MuscleBlaze,Campaign_10,57,d2da43ec-0eec-4013-b55b-eaaacb53f0be,Multivitamins,2025-05-18,4,387.78
MuscleBlaze,Campaign_2,94,bbfb1b71-0a68-4eb8-876d-e8c5440c7e5b,Multivitamins,2025-02-01,5,420.17
Gritzo,Campaign_7,42,f1d188b9-13f3-4289-8dcc-b05dd59ef0fd,Whey Protein,2025-03-01,4,362.33
MuscleBlaze,Campaign_9,26,19e9e3a4-18dc-4eb6-84fc-fcb0f5e90352,Multivitamins,2025-06-08,7,309.1
Gritzo,Campaign_5,68,30807a5d-62a5-4eec-881a-f04f3b23feed,Whey Protein,2025-02-25,6,243.26
HKVitals,Campaign_5,33,91ed554a-3fae-4f01-a829-0f3c86b4852c,Kids Nutrition,2025-05-20,8,469.05
MuscleBlaze,Campaign_8,44,bfcb3388-8ef4-474b-adcc-4095f28f9444,Whey Protein,2025-05-07,5,247.04
MuscleBlaze,Campaign_7,19,c42b266b-1b02-4a24-bf00-f56c6a4989a6,Kids Nutrition,2025-05-23,4,274.52
MuscleBlaze,Campaign_7,47,756eb67d-acab-4b69-9ba3-7cb59399ad15,Whey Protein,2025-06-04,3,301.59
Gritzo,Campaign_2,34,1aa67474-e200-4157-ad54-c95aaa4d52a8,Multivitamins,2025-02-20,1,253.22
Gritzo,Campaign_5,48,66cc7376-8cca-4963-ae2e-77a4cadec379,Kids Nutrition,2025-04-27,2,315.43
Gritzo,Campaign_6,49,88adb388-287e-4086-a854-027e56673e49,Whey Protein,2025-05-15,2,62.23
MuscleBlaze,Campaign_8,87,e7094153-5a31-4916-aefb-2a2471693ed5,Whey Protein,2025-03-21,9,182.25
Gritzo,Campaign_6,80,531c8812-ff31-450a-bdd0-84a18cd2216f,Kids Nutrition,2025-07-02,1,252.79
Gritzo,Campaign_2,29,a21c1209-c3a1-462d-a98f-546d5f290290,Kids Nutrition,2025-04-12,8,223.07
Gritzo,Campaign_5,60,9bc0fa93-52cd-4def-b9d2-76f4d37ee471,Kids Nutrition,2025-03-06,7,47.21
MuscleBlaze,Campaign_3,53,60042231-36c3-4e85-8bae-295e902a405c,Whey Protein,2025-06-16,2,401.71
HKVitals,Campaign_8,5,410bfc29-be9c-4fcf-ad17-f6e98cdc718d,Whey Protein,2025-03-29,3,143.35
MuscleBlaze,Campaign_9,13,f5b70dd9-728f-4897-b3d0-b6c7f62ecf88,Whey Protein,2025-04-06,2,60.52
HKVitals,Campaign_6,50,fba3091f-08df-4af8-b9ef-aad6000cd21a,Kids Nutrition,2025-03-15,5,54.88
Gritzo,Campaign_9,96,2294fa0a-8482-4c08-842c-65ad9883e9b1,Multivitamins,2025-07-10,1,77.04
Gritzo,Campaign_3,76,fc0145e1-4ce2-4fa2-81ae-7eb14d457ea5,Multivitamins,2025-03-03,9,228.54
MuscleBlaze,Campaign_8,84,058e389e-509d-47cd-9b10-7e7f36fea0b4,Kids Nutrition,2025-06-17,8,381.61
HKVitals,Campaign_1,53,d284b528-b091-4fb7-b17f-3f92d26aa790,Kids Nutrition,2025-03-13,5,381.93
MuscleBlaze,Campaign_8,48,8e6b3085-82e2-402d-8dbc-de5aeb4aede6,Multivitamins,2025-05-09,5,349.22
HKVitals,Campaign_2,31,18233383-279b-437c-9255-273fed0940f7,Kids Nutrition,2025-01-26,6,490.48
Gritzo,Campaign_6,48,236eb832-27f6-42ac-9b0c-417075dacbbe,Whey Protein,2025-03-11,2,249.82
HKVitals,Campaign_4,51,3ff69f41-9508-4801-a3be-7ca05df924fb,Whey Protein,2025-03-05,9,472.59
MuscleBlaze,Campaign_4,59,17871810-4ce0-4ecb-8fa2-8fb84199322e,Kids Nutrition,2025-05-09,7,499.68
Gritzo,Campaign_1,82,37a9f824-eafa-4d5b-91ae-3d4c66592d83,Whey Protein,2025-06-10,5,241.87
MuscleBlaze,Campaign_3,43,cafbc4fe-531f-44af-b93c-92d513c37b5d,Kids Nutrition,2025-04-22,7,26.63
MuscleBlaze,Campaign_9,27,e6267164-d361-4b3a-bcff-ae922c435667,Whey Protein,2025-06-01,5,368.2
MuscleBlaze,Campaign_4,76,e85c1ec9-d1cb-4092-9383-f86db3edd6ed,Multivitamins,2025-02-06,3,462.95
MuscleBlaze,Campaign_10,100,09912f46-4ce6-428b-a46a-cc9a98611260,Whey Protein,2025-06-09,2,216.66
MuscleBlaze,Campaign_3,36,1417182a-61ad-418a-9387-5413ceef7261,Kids Nutrition,2025-06-19,2,375.08
MuscleBlaze,Campaign_2,33,559a8f54-c559-4d0f-abff-c53f0e50f355,Kids Nutrition,2025-03-27,4,423.83
MuscleBlaze,Campaign_1,4,6aa12abd-6f2e-42b9-9130-32dbe13a14ca,Multivitamins,2025-07-18,2,265.99
Gritzo,Campaign_6,31,c5384872-deaa-443e-9edb-be71de2a2ddf,Whey Protein,2025-03-04,7,28.13
HKVitals,Campaign_1,23,9a307096-d977-46be-a71c-8948bf67de42,Whey Protein,2025-07-18,8,122.7
HKVitals,Campaign_9,95,a1d770ea-c704-480e-a246-6cd702ed5d15,Whey Protein,2025-04-03,2,443.65
MuscleBlaze,Campaign_8,96,0a8aeb94-863d-4cd6-8e06-48d00ddb545b,Multivitamins,2025-03-22,8,226.11
HKVitals,Campaign_9,100,53ab3cce-264a-404f-909e-21ba8a38d5aa,Kids Nutrition,2025-04-26,7,42.02
HKVitals,Campaign_9,14,0ceeddc2-2737-4345-b886-29ffb2a0f778,Whey Protein,2025-05-29,8,274.35
MuscleBlaze,Campaign_9,79,f89617fa-6493-45ef-bf53-76a4bb48bbba,Multivitamins,2025-04-15,6,166.19
Gritzo,Campaign_1,59,8135f15a-9343-46ea-985a-9548c0ba22a4,Whey Protein,2025-02-05,2,264.88
HKVitals,Campaign_7,62,c94f6ed3-4a2f-4876-ae93-561538da9a90,Kids Nutrition,2025-04-05,2,21.96
HKVitals,Campaign_8,14,1521ad35-560f-4e2d-a1d7-243225e42403,Whey Protein,2025-04-21,2,20.42
HKVitals,Campaign_10,11,8c53b74c-0c9f-46e6-becc-f7609249ee3a,Whey Protein,2025-04-06,7,100.88
MuscleBlaze,Campaign_5,9,80777ac5-6605-4e3c-95c7-bc834336ffe5,Kids Nutrition,2025-04-13,2,470.14
Gritzo,Campaign_9,82,c31496ea-2160-446e-b2a7-a475c6196773,Kids Nutrition,2025-02-14,3,44.31
HKVitals,Campaign_10,42,7ce4770e-32b7-4d80-8f2e-08d37b1dbca3,Kids Nutrition,2025-04-05,4,35.82
HKVitals,Campaign_9,38,8fa8ae34-3233-4053-9242-ba54a6f9c0e1,Kids Nutrition,2025-05-18,1,206.95
MuscleBlaze,Campaign_2,56,3f09f7a6-8635-4a54-bc54-b8c1ff408dcc,Kids Nutrition,2025-03-07,5,245.09
Gritzo,Campaign_4,84,6e18c9b3-c6da-45f1-8429-6ca21257429e,Multivitamins,2025-03-22,8,143.13
MuscleBlaze,Campaign_7,58,16efacdf-9375-4e61-ac94-503eaf4afcdd,Multivitamins,2025-02-09,9,386.45
HKVitals,Campaign_7,59,5d822e3a-6c6d-482b-a9e0-8370abf7a5d0,Kids Nutrition,2025-03-27,9,174.82
HKVitals,Campaign_7,13,9808552c-5832-48de-921b-e8c230c3ef8a,Multivitamins,2025-05-26,4,371.42
HKVitals,Campaign_6,86,2b54500d-4e08-4bb4-8509-d55806326b36,Whey Protein,2025-03-27,1,64.13
HKVitals,Campaign_2,88,cd840a47-fd7b-4279-9253-55159dc0a8b5,Whey Protein,2025-04-14,8,150.75
MuscleBlaze,Campaign_7,11,0b7d1856-70c2-4600-a554-5c1a9f88dda3,Whey Protein,2025-07-17,4,360.62
Gritzo,Campaign_6,96,af73b3cf-331e-41f2-bbc5-f97fd173b70b,Whey Protein,2025-04-01,5,30.63
MuscleBlaze,Campaign_10,72,da4ec04c-ba7e-4b86-81fa-d75327ef0a4b,Kids Nutrition,2025-02-04,1,456.07
HKVitals,Campaign_2,72,3e3869e2-0df6-4417-bd55-38c71cc464ed,Multivitamins,2025-05-19,9,63.64
Gritzo,Campaign_7,46,d51b1974-de66-4dd0-a5ce-2a21ed3e2846,Kids Nutrition,2025-06-27,9,343.03
HKVitals,Campaign_10,7,b19c905e-57e0-41f1-8384-066149a5baeb,Multivitamins,2025-06-24,5,395.31
MuscleBlaze,Campaign_10,46,789fed96-7337-4c2f-8e1c-37621c7cb6ed,Kids Nutrition,2025-01-23,6,491.34
MuscleBlaze,Campaign_8,28,89bab9c8-bd71-4da3-b581-a63254f5df70,Whey Protein,2025-03-01,8,239.03
HKVitals,Campaign_9,14,c017466e-85f4-40a2-8be2-7516342c5348,Multivitamins,2025-03-10,2,91.85
HKVitals,Campaign_10,15,badc4599-9f7f-4e0c-bba7-9d058c7e2904,Whey Protein,2025-02-15,4,41.84
Gritzo,Campaign_10,55,04b51c12-ab13-4032-b2e1-9f66b1f02ea8,Kids Nutrition,2025-04-02,8,471.94
Gritzo,Campaign_9,87,86dc4e34-a9dc-4e52-a7f2-418a953fcfd4,Whey Protein,2025-01-27,6,307.79
Gritzo,Campaign_5,78,48b51c88-0f63-4f4a-ab9a-118e4165964c,Whey Protein,2025-02-26,2,198.2
HKVitals,Campaign_5,24,4572b385-9e32-4085-b24f-92b9ca0841de,Multivitamins,2025-01-29,9,101.35
MuscleBlaze,Campaign_3,45,0222305d-f1f7-4605-a79e-36267707ac0e,Whey Protein,2025-01-31,3,414.84
Gritzo,Campaign_7,73,a9b92a1d-4574-48ca-a90e-319d637e3f94,Whey Protein,2025-07-03,5,38.34
Gritzo,Campaign_1,19,dd419a67-5c37-4254-a8fc-5690e9b1c4a1,Whey Protein,2025-02-08,7,443.06
Gritzo,Campaign_4,96,e226a768-de0e-4c53-8ae0-fd7a04e25132,Multivitamins,2025-05-25,3,302.66
HKVitals,Campaign_6,54,6175a257-fad3-444c-bb2d-ddc962f32fae,Whey Protein,2025-04-27,1,95.21
HKVitals,Campaign_6,48,e76428c4-197f-40fd-b5ae-2a56fa033d6c,Kids Nutrition,2025-03-21,3,381.54
MuscleBlaze,Campaign_1,77,88145bde-98db-4732-9de4-d1947c12d198,Whey Protein,2025-02-05,1,85.41
Gritzo,Campaign_1,21,f77fa3a7-802a-46eb-b2e9-7c2d2fb90ccf,Kids Nutrition,2025-04-17,3,119.98
HKVitals,Campaign_8,11,05804493-b664-4199-ad25-459e8f8937fa,Kids Nutrition,2025-01-26,8,376.46
HKVitals,Campaign_10,55,4e0fbae1-8787-43f4-ac19-e4eb3f551740,Multivitamins,2025-03-24,9,300.54
HKVitals,Campaign_4,54,28317f0d-be90-43fb-a4b5-d9a57d6c3d2a,Kids Nutrition,2025-01-22,5,54.83
HKVitals,Campaign_7,15,5afa0fb3-5a16-49d9-af2f-077358c69158,Whey Protein,2025-05-20,9,201.67
Gritzo,Campaign_10,37,fa6e3743-fef9-4d57-bc77-ea4a4d654036,Multivitamins,2025-04-26,9,31.74
Gritzo,Campaign_5,68,a033edad-0fdf-4e19-8fd8-35fc469ff562,Whey Protein,2025-03-10,2,432.44
HKVitals,Campaign_10,29,fffcd743-e3f1-4406-a31d-9c8be0f0fe79,Whey Protein,2025-06-26,9,171.24
MuscleBlaze,Campaign_5,1,8e10814f-f1b2-4143-878b-13a9fd88565a,Whey Protein,2025-03-14,9,279.92
MuscleBlaze,Campaign_5,99,e5ad481d-577f-4c16-a6d6-58fb39bfc9b6,Multivitamins,2025-04-05,2,210.14
MuscleBlaze,Campaign_1,42,bada0c94-1679-4be0-a323-8416a82cae18,Multivitamins,2025-04-03,6,137.28
HKVitals,Campaign_3,96,9cc96aed-ad91-42c5-b5ea-4128854dc3bf,Whey Protein,2025-07-07,5,33.9
Gritzo,Campaign_4,49,6ad65b8c-3a38-4844-afbf-fde4a0226155,Kids Nutrition,2025-03-06,2,49.71
Gritzo,Campaign_6,72,f8751fd4-6d2c-4f42-a71a-919f92a97acd,Whey Protein,2025-03-20,5,495.82
Gritzo,Campaign_1,51,72fcc072-544c-4132-9af9-7493e8e46b31,Multivitamins,2025-05-04,2,252.62
HKVitals,Campaign_2,3,2379c05f-a708-4280-b4ee-0b6721bbd183,Multivitamins,2025-05-11,3,414.09
HKVitals,Campaign_10,74,33ca9a6b-ccd3-4f7c-af1d-cfb88a962a11,Multivitamins,2025-07-05,8,334.43
Gritzo,Campaign_7,91,b483d162-b043-439a-8f1a-84cb235b275b,Multivitamins,2025-07-12,8,287.21
HKVitals,Campaign_1,15,6e18b184-229f-485b-a8d9-1a2086181db2,Multivitamins,2025-07-14,1,440.53
Gritzo,Campaign_8,22,a7fecdcd-2528-4516-8521-ff2ef9cc83ed,Kids Nutrition,2025-07-19,3,435.4
MuscleBlaze,Campaign_7,47,51476e86-2875-440a-aac7-dc2e9099a283,Whey Protein,2025-02-01,1,87.1
HKVitals,Campaign_10,32,b82d40de-f2d7-4d53-8870-2ae78eadda9a,Multivitamins,2025-02-10,9,173.66
MuscleBlaze,Campaign_7,68,e12ff6cd-d6ea-4269-914e-13532f237c4d,Multivitamins,2025-02-16,9,465.74
HKVitals,Campaign_4,96,51958000-c3f3-4c8c-878c-3875ba21e269,Multivitamins,2025-07-08,4,313.12
MuscleBlaze,Campaign_2,100,6947cbac-f610-440d-a9fe-890ff90fb6e4,Kids Nutrition,2025-03-18,6,102.72
MuscleBlaze,Campaign_9,82,d25ad576-ef0b-443e-bee0-47627168bdec,Kids Nutrition,2025-07-11,5,441.63
HKVitals,Campaign_6,25,46178161-bd03-433b-aee9-795ea3086e48,Kids Nutrition,2025-02-17,9,24.33
MuscleBlaze,Campaign_4,83,21acfdb5-1b55-4f6d-b01c-6abfc7739d46,Whey Protein,2025-02-23,7,12.52
HKVitals,Campaign_4,19,9caad37c-fc67-45e2-832f-c21b06b4ed27,Whey Protein,2025-05-18,5,374.32
MuscleBlaze,Campaign_2,78,9cc3c1f5-9129-4c75-9b08-e5a844511ba0,Whey Protein,2025-03-04,2,410.8
Gritzo,Campaign_8,99,aff7ff5d-3b1d-42cf-bb70-509298ab182c,Multivitamins,2025-01-24,7,104.64
Gritzo,Campaign_10,97,c7a2b171-b02a-46ee-9458-80635bf88d1d,Multivitamins,2025-04-21,1,284.32
Gritzo,Campaign_10,88,9ace63cc-d89c-43f6-8098-580d22538040,Multivitamins,2025-04-20,8,137.3
HKVitals,Campaign_3,81,2f191516-5fbb-4da5-a64a-1fe8b646e2b1,Multivitamins,2025-07-03,8,411.15
HKVitals,Campaign_8,9,233408ba-794e-4838-bdcf-60fd633098ed,Kids Nutrition,2025-02-19,6,148.84
HKVitals,Campaign_10,39,68994c84-0840-4234-b9ed-0800317979f9,Whey Protein,2025-06-16,7,275.22
Gritzo,Campaign_2,46,451575b9-ece9-404b-83d7-f962f80443ee,Multivitamins,2025-04-09,2,177.52
HKVitals,Campaign_1,60,fcfd8547-abdc-40da-be0b-bddd38f95001,Whey Protein,2025-02-27,5,60.23
HKVitals,Campaign_2,48,2d54ff2b-10ee-4f77-b45e-2eafc1fda581,Kids Nutrition,2025-07-18,4,95.14
Gritzo,Campaign_10,12,ddfc2a92-7074-4eb3-bc52-17ccf4672866,Kids Nutrition,2025-05-18,4,43.24
HKVitals,Campaign_10,50,dde4f5c1-532c-4c01-b017-c5337d6ce5c3,Kids Nutrition,2025-04-17,1,387.78
MuscleBlaze,Campaign_8,95,67a55936-6d74-4a0b-bf2d-39c8e338e579,Kids Nutrition,2025-06-18,1,295.26
MuscleBlaze,Campaign_6,84,d3073198-bc3e-4402-9ba1-4c350ab5207f,Kids Nutrition,2025-04-02,1,38.38
Gritzo,Campaign_3,61,9c8b9550-64e7-4f9a-901a-0ccfb85f164b,Whey Protein,2025-07-20,8,32.41
MuscleBlaze,Campaign_6,58,8941bdd3-9803-482e-926a-4bd0be125f8f,Kids Nutrition,2025-04-30,2,495.17
Gritzo,Campaign_3,11,c9739495-b440-4852-a033-500ea43262b3,Whey Protein,2025-01-26,4,327.31
Gritzo,Campaign_8,32,74f76d09-739c-4fa5-9bfc-270c85494255,Multivitamins,2025-06-28,4,381.55
Gritzo,Campaign_10,68,feef21f8-e0b6-4f90-8adb-c4ffe0b55615,Whey Protein,2025-03-07,7,42.16
HKVitals,Campaign_5,47,fbdc532e-6546-466d-89b1-cad184c9b276,Multivitamins,2025-06-10,1,168.57
HKVitals,Campaign_10,53,8420e0d8-632c-417e-8ec5-7d470a0c64e5,Whey Protein,2025-06-16,3,133.73
Gritzo,Campaign_6,81,309a083a-0c9e-4060-b66c-7331a1722ee3,Whey Protein,2025-03-16,7,228.49
MuscleBlaze,Campaign_9,43,4df742ae-e267-412b-a5e5-f13f70869a45,Kids Nutrition,2025-06-18,2,498.59
HKVitals,Campaign_5,50,2a9edda7-761a-4914-8931-b2d4d3def87c,Kids Nutrition,2025-04-11,1,60.07
Gritzo,Campaign_3,85,0df6c527-eb45-4c38-9cf6-5e334b5f174b,Multivitamins,2025-06-01,9,90.18
Gritzo,Campaign_3,11,76ad1c33-2469-40c2-a757-499784581f73,Multivitamins,2025-06-29,7,414.7
Gritzo,Campaign_7,40,b8ff615c-1727-40fa-b3a2-7c7ba566e884,Whey Protein,2025-04-26,4,421.57
Gritzo,Campaign_2,77,95dfe6cb-c75a-4c94-ae05-7f791cf8d03f,Multivitamins,2025-07-20,4,330.71
HKVitals,Campaign_6,72,22a37556-8be1-4610-b234-8948e4f2ae4c,Whey Protein,2025-04-05,3,475.92
Gritzo,Campaign_9,86,0660a3e9-736d-417c-92ce-55e369df05c7,Whey Protein,2025-02-22,8,221.84
Gritzo,Campaign_7,83,b66f3507-e588-4999-971e-ea3974246baa,Kids Nutrition,2025-07-11,5,455.67
MuscleBlaze,Campaign_6,47,171603b1-7466-4e6f-a1ee-b1f133b1d0dc,Multivitamins,2025-03-08,5,322.88
MuscleBlaze,Campaign_6,24,e83bcc84-a609-4ad0-b114-64aa52f69081,Multivitamins,2025-06-06,6,382.45
MuscleBlaze,Campaign_3,25,bbb71494-b7e7-47d4-a9fb-832ccbe68571,Whey Protein,2025-02-11,5,492.15
HKVitals,Campaign_2,10,730bc657-b4cb-4613-9d39-e9c217584f23,Kids Nutrition,2025-05-22,1,167.16
Gritzo,Campaign_9,99,b5103e9c-8618-440d-95d6-a6585ce9dbbc,Whey Protein,2025-04-03,6,122.68
HKVitals,Campaign_10,85,82fc9294-f9a6-4522-8a83-5709ba146757,Whey Protein,2025-05-17,3,25.26
HKVitals,Campaign_3,77,8ce377d7-60f1-4528-a8ef-2f46f323123e,Whey Protein,2025-04-02,9,360.31
Gritzo,Campaign_10,24,e98965f2-2bbf-4e35-84ac-b57d0b3d6dc9,Whey Protein,2025-03-25,2,433.54
HKVitals,Campaign_1,93,dcd81a8b-a8d6-4af6-9f0d-def190c40e45,Multivitamins,2025-02-17,8,88.03
Gritzo,Campaign_4,47,2dca365a-2504-4d28-9e6a-e4592980f6ff,Multivitamins,2025-06-17,9,435.63
HKVitals,Campaign_8,79,4edd2a2a-6b69-44ae-8d22-af35b648be8a,Whey Protein,2025-03-20,5,85.29
MuscleBlaze,Campaign_5,69,723dfacd-f601-4005-84c4-f69fbaebe15d,Multivitamins,2025-03-16,2,382.9
HKVitals,Campaign_10,25,e606d7c2-1e18-446d-ae42-1840a05f36c8,Multivitamins,2025-02-13,3,400.43
HKVitals,Campaign_7,60,9f601d17-00e7-4824-b3ee-16e7f5defeba,Kids Nutrition,2025-06-16,5,456.8
HKVitals,Campaign_3,68,7f6485de-7569-4aef-8320-0c4e40cbe188,Whey Protein,2025-07-04,3,100.87
MuscleBlaze,Campaign_5,78,0178de26-ceb5-47ac-8b22-e4457fa70485,Whey Protein,2025-05-17,9,10.6
HKVitals,Campaign_6,83,37850b5c-3ce5-488c-be53-d702e1f8d192,Kids Nutrition,2025-05-13,7,71.34
Gritzo,Campaign_9,14,68ffae17-7428-4491-b9c8-42cba8d3110e,Whey Protein,2025-04-14,4,220.85
MuscleBlaze,Campaign_3,37,01aec505-99a0-4abb-99e9-54331453e17e,Multivitamins,2025-03-07,6,120.51
Gritzo,Campaign_3,58,9ea8fcb1-4732-48c9-8c1e-9464e1d5c0dc,Multivitamins,2025-05-21,6,295.17
MuscleBlaze,Campaign_8,12,3527bcee-d343-4f88-91f3-79b18ebb8208,Multivitamins,2025-01-28,5,299.23
HKVitals,Campaign_1,4,a73d2746-0e18-4b96-a5f4-1dd62f51ac6e,Multivitamins,2025-03-27,8,162.08
HKVitals,Campaign_4,65,084d7822-da94-4e70-a537-41e409668d08,Multivitamins,2025-05-28,1,15.69
HKVitals,Campaign_4,11,4c66aa4d-9a70-4a8a-9688-1d3e93fde248,Whey Protein,2025-03-24,2,343.42
MuscleBlaze,Campaign_6,41,1be00f8e-0c8d-41d2-9673-aefbeb9e54e0,Whey Protein,2025-04-09,2,245.17
MuscleBlaze,Campaign_5,18,ac0e1f71-294d-43ed-ada1-afdafe656dcc,Multivitamins,2025-03-15,6,152.91
MuscleBlaze,Campaign_8,90,b3292925-b107-494e-a932-5ae19c7060da,Multivitamins,2025-05-14,9,431.46
MuscleBlaze,Campaign_2,79,2d6b5953-8fea-484e-898c-fd4892811c92,Whey Protein,2025-04-17,6,454.83
MuscleBlaze,Campaign_3,33,ee757637-5c35-42b3-9437-2280bfd467e7,Kids Nutrition,2025-01-25,6,377.09
Gritzo,Campaign_9,94,52a473f9-4c9e-403a-84bd-338e17d71fc0,Multivitamins,2025-03-31,9,128.6
HKVitals,Campaign_4,15,11529a73-d1fc-4edd-a102-2b56e5c482ff,Multivitamins,2025-06-15,9,289.74
MuscleBlaze,Campaign_4,16,109efb40-8ceb-4c57-97e3-23cf6d651847,Multivitamins,2025-03-16,6,312.9
Gritzo,Campaign_8,82,b1d29457-1f3c-4a1d-a271-97ca788773ed,Whey Protein,2025-07-04,4,179.55
HKVitals,Campaign_10,15,69ec09d5-86ec-4d99-9447-029046404b2a,Kids Nutrition,2025-04-30,8,14.79
Gritzo,Campaign_9,3,9caf8df1-3584-4d71-b221-e1c535b86d0a,Kids Nutrition,2025-01-30,1,263.68
Gritzo,Campaign_3,31,fab6ad91-bacf-4cfc-9245-1cc41bfb3b3d,Multivitamins,2025-05-21,1,442.44
MuscleBlaze,Campaign_10,55,7bd15655-1671-4639-bcb8-6f9e87690baa,Multivitamins,2025-06-08,1,414.01
Gritzo,Campaign_7,31,c9c67b51-ef13-464b-9ad2-bb72b04ba584,Whey Protein,2025-06-05,6,167.83
Gritzo,Campaign_2,86,d90949aa-9bdd-4d7a-ad53-628b49851b79,Kids Nutrition,2025-03-21,6,288.1
MuscleBlaze,Campaign_9,47,feb9ea24-933c-4d00-8680-0a0b42791490,Kids Nutrition,2025-05-20,2,412.51
Gritzo,Campaign_9,65,9d421bae-2134-415b-ad56-c7145a9621f5,Whey Protein,2025-05-08,7,338.49
HKVitals,Campaign_1,50,a1c16b96-baab-49f2-850b-70737f13de67,Kids Nutrition,2025-04-25,8,321.85
HKVitals,Campaign_5,50,e237c877-2e0e-4673-8ed7-cd177e14c595,Kids Nutrition,2025-05-17,3,449.15
HKVitals,Campaign_2,3,fab0a15d-4a5d-4cea-b565-f64e3b93a53f,Multivitamins,2025-02-25,9,468.74
Gritzo,Campaign_2,31,7702beba-0623-4fbf-9e42-d2b800679b62,Kids Nutrition,2025-05-20,7,310.34
HKVitals,Campaign_3,95,d91b1a04-bcca-4a38-9e30-614fcbf6aa23,Whey Protein,2025-02-28,9,357.44
Gritzo,Campaign_6,46,6a25542e-ffbd-4cdd-9d84-d303ccb03fc5,Kids Nutrition,2025-04-09,8,474.2
Gritzo,Campaign_8,23,8f7763e0-5982-4a44-9573-68cf0ba56050,Kids Nutrition,2025-06-24,4,176.33
Gritzo,Campaign_3,62,a3ff8fd2-02e4-40aa-b65b-c763a3336ea8,Whey Protein,2025-02-27,7,333.8
Gritzo,Campaign_8,9,ca4a40bc-4121-41a3-8818-b004b0a4f557,Whey Protein,2025-02-01,4,302.76
MuscleBlaze,Campaign_1,38,8ccc617e-81b6-4951-8cdf-697f4eca2e96,Whey Protein,2025-03-22,6,231.64
HKVitals,Campaign_5,6,af92ef22-1d24-47e2-8191-d19dc45c3fbb,Kids Nutrition,2025-03-24,3,29.97
Gritzo,Campaign_8,51,91a4d796-b972-4eec-a563-7d1f57637902,Multivitamins,2025-05-18,2,39.57
Gritzo,Campaign_4,5,2cf6073b-d500-4147-8774-3c94f5c9f459,Multivitamins,2025-02-25,7,328.64
MuscleBlaze,Campaign_6,46,ec1a86d3-5683-4783-9575-9337549c9eb9,Multivitamins,2025-05-29,9,437.17
HKVitals,Campaign_7,16,cc18dd0e-7978-4c84-aa89-a9797aa6d6ea,Multivitamins,2025-01-25,3,488.17
HKVitals,Campaign_7,96,27c7655a-7b43-4a72-a2c0-c475a54976d0,Multivitamins,2025-05-20,4,374.7
HKVitals,Campaign_8,24,8976b471-dd7f-47d1-a45d-ef2675eb0e8f,Multivitamins,2025-07-11,7,222.49
HKVitals,Campaign_2,67,d06d3943-c8b3-415e-b664-704355c9bf0f,Kids Nutrition,2025-04-09,3,89.22
MuscleBlaze,Campaign_7,55,d5c97d5d-0e57-49ec-be1a-070fed83a4c8,Kids Nutrition,2025-04-30,6,362.41
Gritzo,Campaign_5,24,ad9e5c1e-b997-4024-90a0-14ab4ca1cabd,Multivitamins,2025-03-21,6,172.83
MuscleBlaze,Campaign_6,14,3550b07e-04ca-4b38-892f-ca698e2017e1,Kids Nutrition,2025-05-11,8,487.65
HKVitals,Campaign_8,38,ea8b31f5-ccae-48fe-94eb-8e20af7c7d2b,Kids Nutrition,2025-07-10,3,49.95
HKVitals,Campaign_3,92,f83893a2-10f3-4676-9a85-3cd8cbb86be0,Kids Nutrition,2025-02-16,3,343.31
HKVitals,Campaign_8,57,56d2b14d-07fa-46f7-973a-ae7b47cc3a66,Whey Protein,2025-04-01,6,25.02
HKVitals,Campaign_10,94,2a7cf9e9-d7a7-47b1-88c6-2063a06303ca,Multivitamins,2025-05-09,1,421.82
Gritzo,Campaign_1,36,985e7e89-2ff8-407a-a3ba-9d869b0e70ad,Whey Protein,2025-02-10,1,435.45
Gritzo,Campaign_7,86,4eeb87ff-c064-4074-8847-b130dd56030e,Multivitamins,2025-06-04,8,218.49
Gritzo,Campaign_3,66,0818c965-b5b8-4351-9083-0841db9a0eb7,Whey Protein,2025-03-12,4,370.32
Gritzo,Campaign_8,19,e0864418-7f3e-459b-9638-613769f35b2d,Whey Protein,2025-03-06,4,257.37
MuscleBlaze,Campaign_4,17,f362d408-d457-4305-b3b0-220d5f2019ea,Kids Nutrition,2025-03-18,2,434.85
HKVitals,Campaign_7,47,2ccda2af-4d64-4b63-866c-fb2b3754f16f,Kids Nutrition,2025-02-09,9,224.92
Gritzo,Campaign_3,5,c71d4564-0992-4886-88f2-16c15fcc997d,Kids Nutrition,2025-02-27,5,203.8
HKVitals,Campaign_6,58,8188de48-719b-4dd6-97b4-e75be9d18ec2,Multivitamins,2025-01-23,4,437.98
MuscleBlaze,Campaign_10,98,80038f26-e7ab-4ef7-bb8f-d09acc8ceba9,Whey Protein,2025-02-17,2,398.55
HKVitals,Campaign_7,68,7bc4d138-ec73-4598-9711-d5fd30b1b67b,Multivitamins,2025-06-10,7,145.65
HKVitals,Campaign_4,84,c6895836-4f73-4b1c-860c-7b68dfb68a5f,Whey Protein,2025-03-23,3,149.09
Gritzo,Campaign_3,4,192703a7-df2e-47e7-84fc-bb8424aefbea,Multivitamins,2025-06-27,3,315.25
HKVitals,Campaign_9,67,ad3d581e-8422-4f58-b022-54affb764637,Whey Protein,2025-02-13,8,419.64
HKVitals,Campaign_8,34,75992b0a-095b-41d6-b97d-76173487246c,Whey Protein,2025-04-04,1,74.47
HKVitals,Campaign_8,79,1da76d69-85b8-44d4-9d64-3387b6b38fbc,Whey Protein,2025-01-19,8,208.6
MuscleBlaze,Campaign_2,16,afe2a940-0b45-4c23-aead-a90c4f9c78bf,Multivitamins,2025-07-02,7,319.94
Gritzo,Campaign_8,23,55527a3c-164a-4b18-9f33-34c698233b06,Whey Protein,2025-04-19,2,98.68
HKVitals,Campaign_6,88,854494ab-1a64-427d-8bcf-d0fce3a1af97,Kids Nutrition,2025-06-16,5,43.88
Gritzo,Campaign_9,9,05c14422-4ffe-4dfd-bedc-acb7a8b331a0,Multivitamins,2025-05-11,9,131.14
MuscleBlaze,Campaign_3,39,e462ff64-a38b-4aa4-8fe8-98d8c22ca6a8,Multivitamins,2025-02-28,8,293.91
MuscleBlaze,Campaign_2,66,495c7ac8-314a-4bdd-b357-9b275225374a,Whey Protein,2025-03-13,4,300.55
MuscleBlaze,Campaign_8,18,70ecf41b-c5d5-4016-91b3-ccf588433a38,Whey Protein,2025-05-29,6,329.54
Gritzo,Campaign_10,47,2851a8be-2639-4214-85cc-aa931e1e5d91,Multivitamins,2025-03-13,9,485.01
Gritzo,Campaign_3,60,9f795228-f553-4567-83e7-dd211d4d46d6,Kids Nutrition,2025-05-07,2,430.41
MuscleBlaze,Campaign_5,12,8ae3297e-34e2-4142-9a35-447583997ac5,Multivitamins,2025-03-28,5,169.34
Gritzo,Campaign_8,92,243d116d-4563-4bbe-9188-3a268ca33a54,Kids Nutrition,2025-06-04,8,303.37
HKVitals,Campaign_10,53,3eacdb28-92f7-4993-8884-3b5bcdd3214c,Whey Protein,2025-02-21,4,485.21
HKVitals,Campaign_2,17,e46a0b42-9cfe-4bd8-8fb6-7094123cf911,Multivitamins,2025-03-25,3,226.59
Gritzo,Campaign_9,60,214c87b1-0cfc-4420-b192-e4438a6342ca,Multivitamins,2025-01-24,9,221.13
Gritzo,Campaign_10,17,0ceaaf73-aced-4d55-a73e-2bc578822064,Whey Protein,2025-02-08,4,298.06
MuscleBlaze,Campaign_7,99,6d2cdbf9-160b-4ed4-8dc5-d42e6233960a,Kids Nutrition,2025-04-05,1,133.74
MuscleBlaze,Campaign_9,8,e42aa836-989b-48c0-b465-c0272dd1d45b,Whey Protein,2025-05-14,6,92.13
MuscleBlaze,Campaign_3,39,b3099e0d-b0ac-4677-960f-8680a124fdb2,Multivitamins,2025-04-15,9,306.71
MuscleBlaze,Campaign_6,91,5513b74f-4ffc-4c54-9b0a-31ea9dc6d783,Kids Nutrition,2025-06-26,5,271.42
MuscleBlaze,Campaign_5,37,abbe274a-c226-4b53-b680-873b32b9c542,Whey Protein,2025-06-25,1,423.64
Gritzo,Campaign_5,82,ec3b9258-f943-475e-941b-9098889277fe,Whey Protein,2025-06-14,8,296.82
HKVitals,Campaign_10,81,21bd55eb-915a-43c0-b737-cfb5c3b1927b,Kids Nutrition,2025-02-06,6,110.86
Gritzo,Campaign_3,12,b2d7692a-eb70-4da9-8d66-d79dd0170108,Kids Nutrition,2025-04-19,4,142.18
MuscleBlaze,Campaign_3,75,af39f2ce-4f75-445a-b4a1-2a0d18e63a55,Kids Nutrition,2025-05-24,2,70.26
Gritzo,Campaign_10,80,7875b1c7-7724-4aa3-8438-eae0b5d0b595,Multivitamins,2025-03-04,5,468.94
MuscleBlaze,Campaign_1,73,dc70ce22-24ca-41b8-b94a-97fdf28bf846,Whey Protein,2025-07-11,1,69.83
Gritzo,Campaign_10,6,5d0b042d-e9b1-4c76-820f-beef9defeab9,Multivitamins,2025-04-05,6,98.21
MuscleBlaze,Campaign_10,84,aa4946f4-ead1-4758-b319-f18d2ef03a1b,Multivitamins,2025-03-24,5,60.62
Gritzo,Campaign_1,80,53238aff-e1e5-48a1-9c5c-d673c9ed66a6,Multivitamins,2025-04-17,3,30.37
Gritzo,Campaign_5,81,79af8348-10bb-460d-87bf-63ee7ccd3dc0,Kids Nutrition,2025-02-09,4,493.45
HKVitals,Campaign_4,39,d8842354-7613-4f44-ba88-f16259f8068e,Kids Nutrition,2025-02-21,8,346.12
HKVitals,Campaign_8,52,9abc9859-593e-4c83-8497-d0a8484204d5,Whey Protein,2025-05-10,2,168.33
MuscleBlaze,Campaign_3,89,67db0943-1a59-43eb-8208-fd42209ce4a5,Multivitamins,2025-06-26,9,294.25
HKVitals,Campaign_8,54,536c32d0-1b63-405f-8bf8-5149b6da99cd,Whey Protein,2025-05-06,8,262.64
Gritzo,Campaign_3,44,4d579d00-cadc-410f-9228-130ba64272a2,Multivitamins,2025-05-02,2,177.9
HKVitals,Campaign_6,92,69d75427-972d-4d57-a69b-e896760272ba,Multivitamins,2025-03-06,6,78.43
HKVitals,Campaign_9,17,28b58db5-8c46-4308-be62-89819ef1a74f,Kids Nutrition,2025-04-22,4,355.29
HKVitals,Campaign_4,14,354f184e-5739-4b03-90e9-4dce6241cba3,Multivitamins,2025-06-26,7,89.57
HKVitals,Campaign_8,16,c8c8ccf9-6e5f-4f71-9749-d2b0b1ade82a,Whey Protein,2025-04-13,5,56.01
MuscleBlaze,Campaign_1,19,8b661d1f-579a-4954-898e-3f5b9134c0b7,Multivitamins,2025-06-02,8,86.52
Gritzo,Campaign_7,50,ab6b3f08-a9a0-44ef-ac4f-54163c749c16,Whey Protein,2025-02-03,6,435.39
HKVitals,Campaign_10,21,92fe00e8-b63f-4809-ae4d-0decbd472885,Kids Nutrition,2025-06-30,6,135.1
MuscleBlaze,Campaign_3,41,98986758-9798-40c3-9d44-43517c93cdc3,Multivitamins,2025-04-18,1,420.68
HKVitals,Campaign_8,66,d2701a52-18ff-48ad-8e1a-3a51534bfa86,Multivitamins,2025-04-15,2,129.63
MuscleBlaze,Campaign_2,64,67e2189b-f4b4-4704-8edb-6dc82d19bd52,Multivitamins,2025-02-01,8,433.66
HKVitals,Campaign_4,65,d066ad21-af7d-4f21-9bd6-b03d9927839b,Whey Protein,2025-05-14,1,24.89
HKVitals,Campaign_1,75,53d106cb-6100-4ffe-91e2-b878c576c26d,Whey Protein,2025-04-24,8,399.8
HKVitals,Campaign_10,37,172d2bd0-0fbd-4c81-a900-8ecda51e01ad,Kids Nutrition,2025-03-02,4,341.49
HKVitals,Campaign_5,87,94ad345a-e323-4264-a390-0c1dd1291d13,Kids Nutrition,2025-07-13,3,471.03
MuscleBlaze,Campaign_7,2,000c14a5-cf51-4203-a2d9-99bac146ed52,Whey Protein,2025-06-15,5,336.82
Gritzo,Campaign_6,34,73f621a8-2633-4c43-a92f-85fe258fcafc,Multivitamins,2025-05-02,9,62.23
MuscleBlaze,Campaign_7,47,93f3503d-9d96-432d-a3d5-e7504a9ff50e,Whey Protein,2025-04-15,2,499.71
Gritzo,Campaign_4,73,e09ef2a3-ae77-4249-b4a6-3e7632173525,Multivitamins,2025-03-21,6,165.87
HKVitals,Campaign_2,71,e9c7c13a-cb5a-4d77-91fd-a27f4cbb7460,Multivitamins,2025-05-30,1,209.38
HKVitals,Campaign_9,65,efca07ae-f17e-4a71-ab22-ec1d4df6ff4f,Multivitamins,2025-04-13,9,54.34
Gritzo,Campaign_10,80,5821b9f8-ea45-4afd-bb8a-61ebb7c12a4c,Whey Protein,2025-02-05,9,63.46
MuscleBlaze,Campaign_7,17,fc862110-9c8a-4872-8214-1a68952d986c,Multivitamins,2025-04-28,2,208.03
Gritzo,Campaign_6,44,da3dc780-20a7-4d78-98fe-b8de67797b58,Whey Protein,2025-03-17,4,337.12
Gritzo,Campaign_9,26,8c83bc68-e6ac-459a-9e85-643c0ffa2366,Multivitamins,2025-01-29,6,451.67
MuscleBlaze,Campaign_1,65,d21ce315-8f5e-448e-b40f-040e0037447f,Whey Protein,2025-03-29,9,165.43
Gritzo,Campaign_6,18,dd9d2e4d-483e-4d69-9c7a-bd161c153057,Multivitamins,2025-01-25,1,68.9
HKVitals,Campaign_3,67,9714fadc-b3c4-4030-ae84-e8323c38c3f0,Kids Nutrition,2025-04-05,6,328.05
MuscleBlaze,Campaign_6,66,61fe800a-b636-4c4c-9170-ca8aa00e0b60,Kids Nutrition,2025-04-07,5,169.05
MuscleBlaze,Campaign_7,41,361241be-8b8c-47be-af68-9d6561ae3f21,Kids Nutrition,2025-05-27,7,286.09
HKVitals,Campaign_10,95,302fa247-239a-446d-b991-2c512c649adf,Multivitamins,2025-05-06,3,200.39
Gritzo,Campaign_9,65,5c3bd3b5-ecaa-4afb-97e4-527a6274d240,Multivitamins,2025-07-01,9,302.28
Gritzo,Campaign_5,91,ff594778-49d9-4a08-a77e-0fbc6acff20f,Multivitamins,2025-07-07,1,227.77
HKVitals,Campaign_6,3,02f865f8-2260-41c6-a023-fd4bab89736b,Kids Nutrition,2025-02-01,6,45.87
HKVitals,Campaign_10,15,b8a9b014-24dc-4a07-8405-6d2ba5fcd671,Multivitamins,2025-07-09,3,92.54
Gritzo,Campaign_1,93,f997f697-6fcd-4f50-a86d-e2517c98756f,Kids Nutrition,2025-02-14,2,237.11
HKVitals,Campaign_10,61,ce52309d-a46a-47c2-a320-de1615ac80e4,Kids Nutrition,2025-04-09,3,275.76
Gritzo,Campaign_1,30,c9f7369f-e4c1-4210-b4be-4b20dc32f8a0,Kids Nutrition,2025-06-03,8,264.35
MuscleBlaze,Campaign_9,62,9f8d367d-6cfa-42dd-ae28-dccd9abbe46b,Kids Nutrition,2025-02-22,6,457.98
Gritzo,Campaign_7,93,8d532691-6c93-4f69-8269-041a74533044,Whey Protein,2025-06-27,9,196.3
MuscleBlaze,Campaign_1,88,39ca2826-5af5-4a23-a27c-a9f773363302,Kids Nutrition,2025-02-24,2,268.05
MuscleBlaze,Campaign_4,90,93f3c702-01e6-4e9a-9ac5-50236cbdd931,Whey Protein,2025-04-25,4,307.87
HKVitals,Campaign_7,57,b64e26cf-3c9b-4542-bb1d-23a8d8c823b0,Whey Protein,2025-04-26,7,408.36
Gritzo,Campaign_4,53,8bd18d4b-ed33-43fc-a92c-aaae44ed98e2,Multivitamins,2025-05-10,2,360.59
Gritzo,Campaign_8,65,09b185d6-fa6d-41ee-8890-f5065df1bf6f,Kids Nutrition,2025-05-09,5,105.93
MuscleBlaze,Campaign_3,94,1cf8570b-5e5b-4ad8-b473-2eb67bb775d4,Kids Nutrition,2025-05-11,7,449.39
Gritzo,Campaign_6,27,147f0413-b0c4-4ddc-b634-71f87b45bd9c,Kids Nutrition,2025-02-15,5,450.03
Gritzo,Campaign_7,62,fbcbd6ec-86c2-4d8f-bb36-07b0baed6f49,Multivitamins,2025-07-04,9,330.8
HKVitals,Campaign_9,23,478817ec-c764-432e-8026-27d1fbd1b0c0,Multivitamins,2025-04-19,3,39.53
HKVitals,Campaign_5,70,e3d1803c-85fa-45ea-9407-2edb8456ce4f,Kids Nutrition,2025-05-17,5,244.8
MuscleBlaze,Campaign_4,62,a1731ed8-78f2-461c-bec7-7a8f16a46b83,Multivitamins,2025-06-12,3,59.7
HKVitals,Campaign_4,72,13fd2d26-ab31-4bfe-b5dd-7f92a9eaa9ff,Multivitamins,2025-05-31,4,135.82
HKVitals,Campaign_4,99,94628786-cc50-4a89-8a08-d40ea2395ad5,Kids Nutrition,2025-03-20,4,338.35
HKVitals,Campaign_6,91,57f2a45f-e751-4d4b-8d82-9d529cf021b8,Multivitamins,2025-05-02,3,294.66
Gritzo,Campaign_5,45,743b9f71-7807-4947-82c2-b367c74d8df0,Multivitamins,2025-04-28,4,361.64
Gritzo,Campaign_9,16,bbdb4536-92ef-43c1-b81f-9d3fe7f339dc,Multivitamins,2025-03-24,2,143.59
HKVitals,Campaign_3,51,fa4e8355-f5e8-47e1-9a58-9b676bc7b635,Multivitamins,2025-06-22,4,413.36
HKVitals,Campaign_2,6,090b23ed-2ae1-40bc-8a09-90884b6c14e4,Multivitamins,2025-06-02,7,343.75
Gritzo,Campaign_5,57,4dd7962b-bfda-45c9-98fe-b4f3ec40d95a,Kids Nutrition,2025-06-09,7,267.33
MuscleBlaze,Campaign_4,62,0fb91307-42ac-46dc-904f-0df7c8f72c2d,Kids Nutrition,2025-05-21,7,154.69
Gritzo,Campaign_5,35,92a6f3e6-2b48-46e6-9401-0dfe79210c7c,Whey Protein,2025-01-29,1,287.98
Gritzo,Campaign_10,14,cf13cb3d-4ab0-4699-bd88-8cbda8049463,Whey Protein,2025-06-11,8,481.83
MuscleBlaze,Campaign_9,32,7c193e6f-496c-403a-86fd-01e69fd33d40,Whey Protein,2025-02-04,4,52.65
MuscleBlaze,Campaign_1,82,d9f850e9-13ad-4ead-816e-bf3220775ce4,Whey Protein,2025-06-20,6,279.61
HKVitals,Campaign_8,53,9da4ec0f-21ee-4f6c-8086-69bb4721194b,Whey Protein,2025-03-14,8,267.98
MuscleBlaze,Campaign_1,88,03a2cee9-41c7-49b3-9b9c-9b7c4674a0eb,Kids Nutrition,2025-06-11,7,322.61
HKVitals,Campaign_8,21,e8fe6095-2cb3-4e23-9a94-0c6c1c8e806b,Multivitamins,2025-05-13,5,443.26
MuscleBlaze,Campaign_5,84,7257dcb6-a8be-4c80-a6b0-d2c9bd2cf4eb,Multivitamins,2025-03-31,9,398.93
Gritzo,Campaign_1,37,c853bc55-42e1-4302-ace6-f908cecea5d3,Whey Protein,2025-06-04,8,211.4
Gritzo,Campaign_4,84,cca3a4c4-2e49-42cf-bc23-9ebc3c775558,Kids Nutrition,2025-05-01,8,387.27
Gritzo,Campaign_1,95,fbec1ed8-57c4-42c3-8878-9ef0dcacfa54,Whey Protein,2025-02-04,1,126.07
MuscleBlaze,Campaign_1,54,ef16d03b-9875-43c3-a523-52f6f7a3f6a6,Multivitamins,2025-06-27,5,158.01
MuscleBlaze,Campaign_5,64,c0b4f6d6-7ef6-475b-966d-e2a1277664d0,Whey Protein,2025-04-09,8,413.08
HKVitals,Campaign_10,2,a9217ddc-3cea-4f89-a217-3b7fc536d2ce,Kids Nutrition,2025-04-14,7,337.1
HKVitals,Campaign_5,14,35fab528-2ad3-436f-a338-17fab9db1388,Multivitamins,2025-05-11,2,385.66
Gritzo,Campaign_9,83,0de84b63-5856-41fc-9782-5ea3bbff16e9,Multivitamins,2025-05-23,1,217.73
Gritzo,Campaign_8,18,1db1ce86-d1cc-48d3-8167-650543af6c46,Multivitamins,2025-01-29,5,92.33
MuscleBlaze,Campaign_6,25,79ea5621-6614-43a7-b6c9-aeb22ae7dc19,Whey Protein,2025-03-18,3,435.94
HKVitals,Campaign_5,94,c09f1c91-f2c0-40cf-bf03-b8c279ec958b,Kids Nutrition,2025-07-17,1,116.2
MuscleBlaze,Campaign_6,24,aefa823b-613a-4ff9-bbd1-3a438853490b,Multivitamins,2025-06-05,1,97.44
Gritzo,Campaign_4,73,25288a1b-433b-46fc-b97e-b3e463dba8c8,Whey Protein,2025-05-02,5,324.57
Gritzo,Campaign_7,79,49ee4969-0309-44c0-af4a-bfccdeca8598,Multivitamins,2025-07-18,7,277.88
HKVitals,Campaign_2,66,adb1be7a-61cb-4527-b2e5-e892cc1c7204,Multivitamins,2025-03-21,9,201.54
MuscleBlaze,Campaign_3,86,f4b3f20e-aed0-4b57-87be-b021f63614f5,Whey Protein,2025-01-26,9,253.42
HKVitals,Campaign_4,62,a32e3ab5-8802-474a-aaef-2ec218ecde2b,Whey Protein,2025-03-28,2,144.52
HKVitals,Campaign_4,34,9c48c830-6e89-44f4-9820-10d1f4c873a7,Multivitamins,2025-07-16,7,350.62
HKVitals,Campaign_6,97,55c06c8e-45c8-4f41-9bbd-3290a6edcadd,Multivitamins,2025-03-12,3,226.93
Gritzo,Campaign_10,75,415e3805-1928-4ae5-8d64-9aff445fdde1,Whey Protein,2025-05-26,7,365.01
Gritzo,Campaign_6,34,c5ed3982-760b-4673-a422-a73e958c9cfd,Kids Nutrition,2025-05-30,7,177.13
MuscleBlaze,Campaign_2,31,ac00f929-bbfb-476c-bde6-67f9bfc46c0e,Multivitamins,2025-05-13,3,305.58
MuscleBlaze,Campaign_7,40,56604762-851b-4860-b1e6-a645c53f4f7e,Kids Nutrition,2025-05-30,6,293.41
Gritzo,Campaign_5,65,5032739c-2e0f-4484-be43-541ab0b6148c,Kids Nutrition,2025-05-05,7,388.59
Gritzo,Campaign_5,16,d4e99a65-022b-4e76-ac3c-be3402b53d3d,Multivitamins,2025-02-01,4,51.97
MuscleBlaze,Campaign_4,79,8677b81d-1902-493b-a947-9974030fe73e,Whey Protein,2025-02-08,1,301.92
MuscleBlaze,Campaign_8,62,382bab11-59fc-4aeb-b229-44a9af7ce609,Kids Nutrition,2025-06-08,9,168.45
HKVitals,Campaign_7,78,08b6f61d-316d-4914-807c-43704886274c,Kids Nutrition,2025-01-23,6,183.95
HKVitals,Campaign_9,71,f041e4f7-0e8f-400b-9789-76de9e90d107,Kids Nutrition,2025-05-14,4,226.78
MuscleBlaze,Campaign_10,28,3781d306-d5e0-4664-a4db-04c8a8174c85,Whey Protein,2025-05-15,2,338.11
HKVitals,Campaign_9,68,f5321352-b544-48e4-9f2d-a344a3596667,Kids Nutrition,2025-02-11,5,142.86
MuscleBlaze,Campaign_10,47,21419a14-9acc-400d-9b3f-b4a2161d6acf,Whey Protein,2025-04-02,8,328.93
Gritzo,Campaign_9,8,a5dd2836-e65f-49fa-838c-2eafa8097a77,Whey Protein,2025-05-08,6,123.11
Gritzo,Campaign_3,74,e5605cfb-2f4c-4efb-b798-28a2cd9e84ec,Whey Protein,2025-02-09,3,103.26
Gritzo,Campaign_8,42,4b68d94d-40da-4c7d-af2b-dc13b2165b5a,Whey Protein,2025-04-19,2,497.13
MuscleBlaze,Campaign_10,88,a3871e92-1362-4119-afa9-a0a3a9151364,Multivitamins,2025-04-17,2,187.84
Gritzo,Campaign_8,12,c4f4b844-46c1-42a5-bec8-8839ec35c3de,Whey Protein,2025-04-11,3,368.02
MuscleBlaze,Campaign_9,59,c516e394-aae6-487e-a744-aa30b1356d67,Multivitamins,2025-06-17,4,39.47
Gritzo,Campaign_1,59,c7de01a9-2976-4b0f-81e0-cfaf52ca9ced,Kids Nutrition,2025-02-02,4,481.22
Gritzo,Campaign_5,60,61ff1d9a-0ff8-4e8a-86f0-6a7146fc4ff2,Kids Nutrition,2025-04-04,9,93.53
HKVitals,Campaign_5,3,421becca-0f60-40f3-bef7-24105528dc45,Whey Protein,2025-06-25,9,412.69
MuscleBlaze,Campaign_10,96,11c4194a-70c9-4336-ad8c-c97343c1136c,Whey Protein,2025-04-24,1,157.42
HKVitals,Campaign_6,6,9c3cbe9d-335f-4d14-adb7-d4e4fabb6609,Kids Nutrition,2025-04-05,8,399.77
Gritzo,Campaign_1,9,1bc2197e-7df7-4791-a53e-62ba2dae62c0,Whey Protein,2025-02-15,7,205.66
MuscleBlaze,Campaign_5,61,37e82d71-6e66-4273-84ca-00d78a66de67,Multivitamins,2025-05-18,8,19.81
MuscleBlaze,Campaign_7,24,710b7fa9-e9a0-420d-9b33-2e43a4b1cf6a,Multivitamins,2025-06-06,4,464.23
HKVitals,Campaign_7,49,12aada4b-08ec-44c8-9a71-064d424d9430,Multivitamins,2025-02-01,1,422.6
Gritzo,Campaign_9,11,c6f903cf-4027-4514-ba40-662f9243a301,Whey Protein,2025-04-15,5,55.54
HKVitals,Campaign_2,84,261b5048-7f69-4b97-a581-d60104cdc4e8,Whey Protein,2025-05-25,6,53.67
HKVitals,Campaign_9,69,09af9883-eed2-4f94-8038-dc84a3ed033a,Whey Protein,2025-05-28,7,433.7
MuscleBlaze,Campaign_1,94,b336d143-26cf-4f51-8435-2e6f63f6bf77,Whey Protein,2025-03-24,5,414.77
HKVitals,Campaign_9,39,00f2baa4-931b-4fae-a42e-3a16e79503fb,Multivitamins,2025-04-29,6,88.06
HKVitals,Campaign_4,69,7d9d2b3b-c55f-4445-b09e-0302b525a4d9,Whey Protein,2025-04-21,4,158.53
HKVitals,Campaign_3,59,ba4ef72f-d813-4af7-a766-d37b6fa179a5,Multivitamins,2025-06-19,2,177.42
Gritzo,Campaign_2,25,8a45e02e-11f2-4d9b-890e-c689cff14c0e,Whey Protein,2025-03-03,9,52.94
HKVitals,Campaign_10,85,b0736dd1-f443-464c-a269-9a4400d8c046,Whey Protein,2025-06-26,9,281.36
MuscleBlaze,Campaign_2,31,9136e530-1f07-43df-bb68-b323c7a2ee6f,Whey Protein,2025-05-02,3,204.52
MuscleBlaze,Campaign_8,77,555c4e18-5be2-424f-bdd9-9681ef5eeca5,Kids Nutrition,2025-05-31,7,471.77
Gritzo,Campaign_1,87,a1dc9cab-0e21-4ce5-a68e-b10e4d862412,Whey Protein,2025-05-24,2,262.68
MuscleBlaze,Campaign_7,95,da74a056-88dd-44cc-9d87-edd21735f36b,Multivitamins,2025-03-26,3,395.28
Gritzo,Campaign_4,30,c2ad0d97-75aa-4cb0-9757-ad381498d0dd,Whey Protein,2025-06-16,6,287.62
Gritzo,Campaign_5,18,2d36db7e-33ff-4402-a5d5-bbf94a3abb3a,Whey Protein,2025-05-06,4,112.17
Gritzo,Campaign_6,94,a925de85-6258-4ce9-b7ae-ede80a119bac,Kids Nutrition,2025-02-25,1,67.02
Gritzo,Campaign_6,77,e57e72d3-63dd-4733-b225-574e4c82c445,Whey Protein,2025-02-08,2,317.7
MuscleBlaze,Campaign_9,39,7c8b7f1e-5bf8-4967-b057-fcd4a1701e8e,Whey Protein,2025-02-04,8,270.92
HKVitals,Campaign_5,53,bc3e34af-701f-43ea-a1fe-9bc6e29d650a,Whey Protein,2025-02-24,6,79.23
Gritzo,Campaign_3,72,067e4b72-316e-4645-8923-85fe23d34d22,Kids Nutrition,2025-06-07,7,159.29
HKVitals,Campaign_9,87,7d3e5830-3d0d-4c8f-97cb-4585ff12fe28,Multivitamins,2025-04-04,9,168.04
HKVitals,Campaign_7,7,a4b65cfa-8a61-4e64-8af0-f442102048e6,Kids Nutrition,2025-03-19,3,95.03
Gritzo,Campaign_7,41,d5916d49-f707-4712-88b0-4b777feb4cf3,Multivitamins,2025-06-25,2,119.57
HKVitals,Campaign_7,20,0433fd20-feee-43e1-b771-67007305cd23,Whey Protein,2025-01-26,4,290.79
Gritzo,Campaign_8,97,c9abda91-5674-49e2-8e59-95aa56db638a,Whey Protein,2025-06-08,9,291.83
HKVitals,Campaign_3,29,36308a60-1e41-42bb-a7cf-5ce00af5e4a9,Multivitamins,2025-06-24,6,163.73
Gritzo,Campaign_7,8,7557c28c-85eb-4b3f-aad5-3fb8a762b59c,Multivitamins,2025-07-20,1,307.06
Gritzo,Campaign_3,72,895c167f-dfcf-438c-9ec5-6dc3ad968213,Multivitamins,2025-02-16,6,416.37
HKVitals,Campaign_4,32,ecc0baa6-3ba4-42ba-9450-0024bdb58d06,Multivitamins,2025-02-01,4,256.26
MuscleBlaze,Campaign_8,83,7d283421-243f-45fe-bc47-16ad0970d09d,Multivitamins,2025-05-25,9,414.35
Gritzo,Campaign_4,12,eb034c4e-e83c-4ff9-b8a1-d98804e1502a,Whey Protein,2025-05-19,5,69.66
HKVitals,Campaign_10,35,a616dde4-b388-400a-be20-718a0bb9a8f6,Kids Nutrition,2025-02-13,5,22.65
MuscleBlaze,Campaign_4,6,0cca0c05-a1f6-49ed-ac18-82c903ad702e,Kids Nutrition,2025-07-13,9,123.95
Gritzo,Campaign_9,93,18e824e9-cb2f-4bc3-921b-f7334eada8d3,Whey Protein,2025-04-17,4,225.36
MuscleBlaze,Campaign_6,62,974e8f83-d5d9-4385-abb2-4cbc9c794cdb,Multivitamins,2025-01-31,6,10.16
MuscleBlaze,Campaign_4,2,1d3ae131-1b38-4581-9145-bd7fd15b5a37,Kids Nutrition,2025-04-25,2,328.6
Gritzo,Campaign_8,16,387770f0-9d99-44c5-8c96-bf4398507072,Whey Protein,2025-01-31,3,199.37
Gritzo,Campaign_4,90,565c1e3f-6d1c-41d6-b3e0-4a38cdf0aaba,Multivitamins,2025-06-25,5,392.57
Gritzo,Campaign_6,31,adab7b01-bce8-4033-bb70-fbf3d5fd46d7,Multivitamins,2025-04-07,9,38.5
HKVitals,Campaign_9,49,af206a9d-f9d1-4507-9eec-e89153010fb9,Kids Nutrition,2025-05-10,2,38.31
HKVitals,Campaign_5,46,d62015f0-5253-46f7-a328-051e8bbf1b30,Multivitamins,2025-06-22,8,155.7
HKVitals,Campaign_8,66,97d46f61-0bab-4f53-83a4-704f36965c84,Whey Protein,2025-02-21,7,127.2
HKVitals,Campaign_6,93,461de017-1ee9-4d3b-902f-4f5c55e39295,Whey Protein,2025-02-15,3,46.57
HKVitals,Campaign_7,48,b24070ca-2b05-4167-aa47-8ddfc1eecd7a,Whey Protein,2025-03-31,3,97.11
MuscleBlaze,Campaign_3,73,3e5f7e23-704c-49e2-aa3d-d7698dac210d,Whey Protein,2025-07-17,1,259.62
Gritzo,Campaign_10,34,19977e2e-2224-4813-8a6b-3e3d94fd0594,Kids Nutrition,2025-06-21,7,122.16
HKVitals,Campaign_5,93,604a1fe2-9cc8-4772-a1d7-8199d8ed0649,Whey Protein,2025-06-19,5,311.46
HKVitals,Campaign_4,26,7ca9e68f-e12f-4b21-8400-594028628b4e,Multivitamins,2025-02-03,4,95.14
MuscleBlaze,Campaign_8,73,ed174fdd-2dee-403e-81d9-6e9601a02047,Kids Nutrition,2025-02-05,4,268.25
Gritzo,Campaign_6,84,e30cdee2-97fe-4937-a6d9-77a1b4ecfe8d,Multivitamins,2025-03-15,7,364.92
HKVitals,Campaign_8,98,cad04982-ceb2-4a32-b189-727f6a8d8a70,Multivitamins,2025-06-18,5,444.44
Gritzo,Campaign_6,22,34c6ea9b-207c-4594-b13e-655f79dbf407,Whey Protein,2025-02-15,3,190.2
Gritzo,Campaign_9,18,734eab10-85e9-454f-855c-f668a3cb9e18,Multivitamins,2025-04-09,6,415.49
Gritzo,Campaign_1,24,9c4c37b3-2caf-4d2f-b026-a4183d3fbbec,Kids Nutrition,2025-06-02,5,199.67
MuscleBlaze,Campaign_1,5,b79a566b-2e14-42be-98a5-47b209a18b34,Whey Protein,2025-04-26,5,15.41
MuscleBlaze,Campaign_4,53,a08fa1c6-1688-4e84-b346-bbe79caf4bfe,Whey Protein,2025-06-28,2,75.56
MuscleBlaze,Campaign_1,91,6b358d15-590c-4e67-8d1b-6d80c8575c8a,Whey Protein,2025-01-19,5,19.4
HKVitals,Campaign_6,65,1e14fe04-3120-4bde-bc52-d68a8ec61be5,Whey Protein,2025-05-01,5,382.54
Gritzo,Campaign_10,80,5ca59057-9e71-4a56-987e-bca4fa0f01a4,Multivitamins,2025-07-05,8,272.3
HKVitals,Campaign_1,85,81ee30e4-8a2b-466e-bc9d-c0d0c2d94cc9,Whey Protein,2025-03-02,1,168.52
Gritzo,Campaign_7,69,a8c9aa31-a05f-45e6-8534-6e4176d6dc39,Whey Protein,2025-02-28,2,318.36
Gritzo,Campaign_5,3,1cd889e2-3197-4167-8d95-ee7246c3e497,Kids Nutrition,2025-06-22,5,402.75
MuscleBlaze,Campaign_9,37,f7f47477-d802-43ba-af6c-227826331cc6,Kids Nutrition,2025-07-14,4,191.99
HKVitals,Campaign_3,87,28e60130-2d23-4ed1-bf5d-21f279731ea8,Whey Protein,2025-05-29,1,278.5
Gritzo,Campaign_3,13,a5159982-0dd4-40e6-8b09-9fccec344cf0,Whey Protein,2025-03-30,5,423.73
Gritzo,Campaign_9,25,405a8e7e-6f46-441f-b5a7-ac9b48f9fd0d,Multivitamins,2025-03-24,7,83.13
HKVitals,Campaign_7,46,c2270738-e3dc-419d-8e1e-8d1f9de7df7b,Whey Protein,2025-04-16,4,433.68
HKVitals,Campaign_8,48,0d6dcb42-bd8b-4603-9abb-574e0b16dac4,Kids Nutrition,2025-07-17,2,243.25
Gritzo,Campaign_4,32,c9160147-2875-4d5d-ad06-f8628990779c,Multivitamins,2025-01-24,9,310.9
MuscleBlaze,Campaign_1,88,1223d906-1db6-4101-83d0-bae77c2cfbcf,Whey Protein,2025-07-11,6,202.27
HKVitals,Campaign_7,52,97bb9fbf-71df-482c-b8ad-df543c3c9c08,Kids Nutrition,2025-05-11,1,478.11
MuscleBlaze,Campaign_1,61,bf4113cb-32e1-4f17-ab47-ed615372ebed,Kids Nutrition,2025-05-30,1,332.76
MuscleBlaze,Campaign_8,22,c76aec88-3ae5-4c8d-9360-16e7e5fbc1c0,Multivitamins,2025-02-09,9,347.19
HKVitals,Campaign_10,83,3cb3c9fa-191a-4b3d-ba4f-ece7537d66c6,Whey Protein,2025-06-11,1,422.03
MuscleBlaze,Campaign_4,68,6022e3ff-3330-4e33-9eb0-de7d699fdb02,Whey Protein,2025-07-11,8,236.12
Gritzo,Campaign_8,89,95c89b2d-7892-4145-92d2-d7e6387d5add,Multivitamins,2025-04-23,7,333.08
MuscleBlaze,Campaign_5,6,251adf0e-6f94-4a50-a3f7-13a70de92f1b,Kids Nutrition,2025-03-01,6,321.97
Gritzo,Campaign_1,73,2d9563ed-747a-4829-9c03-d65ced8a028c,Whey Protein,2025-04-04,1,42.66
MuscleBlaze,Campaign_4,41,b8463413-752e-4613-a2eb-69b15f9cb7e0,Kids Nutrition,2025-02-25,8,442.41
Gritzo,Campaign_7,19,450ab36d-f9be-47f3-9bcc-90fca1cc22d8,Whey Protein,2025-02-27,5,371.34
MuscleBlaze,Campaign_10,39,b134b58f-0837-49f8-a090-f35e55fcf991,Whey Protein,2025-05-09,1,227.2
HKVitals,Campaign_9,73,1c71a821-22f1-432b-87d5-ac920f4555da,Multivitamins,2025-07-03,8,30.42
Gritzo,Campaign_3,50,2bd3d971-6b10-4786-b565-6daf772d416d,Kids Nutrition,2025-06-15,9,375.64
MuscleBlaze,Campaign_9,93,4b8fb475-e2eb-42d2-b848-52b657f498e0,Kids Nutrition,2025-05-16,1,45.32
MuscleBlaze,Campaign_2,45,a353ea98-cb68-434e-8a1f-bff22823442c,Multivitamins,2025-05-17,8,61.63
MuscleBlaze,Campaign_6,30,f85ad287-93ff-445f-ab80-e44ae7d3f770,Kids Nutrition,2025-05-06,1,478.69
Gritzo,Campaign_10,99,6964eb16-1623-4e87-bacd-c514dae18b28,Multivitamins,2025-07-04,5,199.92
HKVitals,Campaign_1,100,fee3dbaa-dcb9-43b4-bd3d-16ca8592a38f,Kids Nutrition,2025-03-02,4,181.35
HKVitals,Campaign_8,35,7677a166-d644-49ae-b936-931e9771d80b,Whey Protein,2025-03-14,3,334.07
Gritzo,Campaign_7,46,bc7637a0-6d98-4416-bae2-719803b68657,Multivitamins,2025-07-07,3,95.31
Gritzo,Campaign_10,24,6f2aec8a-53c9-4acb-bf71-e1ae3f24ba6a,Kids Nutrition,2025-05-11,5,279.31
MuscleBlaze,Campaign_10,49,977e5877-ed6f-4ee3-a44e-7cd138efa3bc,Multivitamins,2025-02-16,6,384.54
Gritzo,Campaign_2,32,014cc3a1-e5f3-4466-92de-0df8e9ebd446,Whey Protein,2025-04-10,6,50.48
MuscleBlaze,Campaign_7,35,fdc419b2-0a41-4919-8b52-46f3faed5777,Kids Nutrition,2025-04-20,1,154.77
MuscleBlaze,Campaign_7,82,089b5b49-8114-4252-84c3-6368bbc51a50,Multivitamins,2025-04-11,8,316.09
MuscleBlaze,Campaign_2,47,cf4994e0-7ab1-4533-a4f2-2a7c87f797fa,Whey Protein,2025-06-22,2,337.0
HKVitals,Campaign_6,40,73d3328c-1916-49d3-9240-25eab257e257,Multivitamins,2025-04-25,3,69.48
MuscleBlaze,Campaign_2,14,c0c9c3ed-8ef9-4060-9545-7c643d922952,Whey Protein,2025-01-21,4,389.57
HKVitals,Campaign_9,56,f32ede3c-6818-4f5b-bb56-588bb172ec53,Kids Nutrition,2025-03-02,9,480.31
HKVitals,Campaign_2,66,3d333164-4bb8-4be2-9bc0-798821f969e9,Whey Protein,2025-05-24,7,30.56
HKVitals,Campaign_9,12,7ad30e2a-0413-4fc7-973a-0c96ffbb4bcc,Whey Protein,2025-05-28,2,167.89
Gritzo,Campaign_6,77,75938f5a-b40b-4353-a96b-e9034e09c596,Multivitamins,2025-07-04,4,153.48
HKVitals,Campaign_7,2,063ff61e-956a-4fdf-bf4e-2e46920479ce,Multivitamins,2025-04-17,8,65.84
MuscleBlaze,Campaign_9,100,dfcb821b-237c-4b55-8596-fab776b90472,Whey Protein,2025-06-04,5,460.95
Gritzo,Campaign_3,74,df1e04cb-ca34-4e3c-af58-9a8167c5b29b,Kids Nutrition,2025-03-31,2,72.77
MuscleBlaze,Campaign_3,49,a226a75b-b432-4ce9-b6dc-16b5a076aed6,Multivitamins,2025-01-19,1,464.76
HKVitals,Campaign_8,39,6287729e-1219-4d94-a097-0ff4dc420980,Whey Protein,2025-07-11,7,56.56
MuscleBlaze,Campaign_7,9,085ff4d1-87ea-451b-9539-562bb0d508a9,Multivitamins,2025-03-17,8,221.72
HKVitals,Campaign_8,54,b2b3bb39-4510-4aad-80bd-44c06d07ee0b,Whey Protein,2025-05-17,9,90.21
HKVitals,Campaign_4,47,35078c5d-cb62-45b6-9342-3b4f8add06f9,Kids Nutrition,2025-06-20,4,127.94
HKVitals,Campaign_10,81,e17f348d-9ed6-4705-94b9-bb4daf4637b3,Kids Nutrition,2025-03-25,5,341.23
HKVitals,Campaign_2,26,83c5c510-0e08-4343-aea7-7ea8bc5ad195,Whey Protein,2025-07-14,3,444.59
MuscleBlaze,Campaign_7,39,0d333496-e352-4539-9d2e-7b90acb60e81,Multivitamins,2025-02-09,8,496.28
HKVitals,Campaign_6,80,9e7f87a7-7721-4daa-9d97-5cdc620956a8,Multivitamins,2025-01-26,7,440.84
HKVitals,Campaign_10,43,a5eea4a2-2cde-431f-9dce-8d9b5d96120d,Whey Protein,2025-05-07,9,276.57
HKVitals,Campaign_10,39,b5971e43-8f8d-4995-9127-4cb2b47299b6,Kids Nutrition,2025-06-18,5,379.97
HKVitals,Campaign_6,26,55bdf39e-fb33-4e61-a36e-900734680b6e,Whey Protein,2025-03-06,5,489.41
HKVitals,Campaign_5,51,7a7e8c31-a627-4167-9d12-1daf8a257159,Kids Nutrition,2025-06-11,8,283.33
Gritzo,Campaign_8,89,df02774d-9482-442f-8095-3c13f06bffa4,Kids Nutrition,2025-06-04,7,331.52
HKVitals,Campaign_7,32,c2c96b28-beb9-4a4a-80cf-fa7335b50ec5,Multivitamins,2025-03-03,6,379.06
HKVitals,Campaign_2,51,44719067-e5de-408e-9a4b-4fdb5209eaab,Kids Nutrition,2025-04-26,9,469.32
Gritzo,Campaign_9,26,0df1172a-46f2-4f38-ac45-1540ae2356f3,Whey Protein,2025-01-31,2,62.89
Gritzo,Campaign_1,88,7c795dd9-73d1-4f3e-9860-c4f45f70b951,Kids Nutrition,2025-04-26,5,365.73
Gritzo,Campaign_4,60,785ca87b-1f69-42b1-945e-087f86d4aba8,Multivitamins,2025-06-05,2,114.62
Gritzo,Campaign_2,38,8869372a-d34c-4a09-ada5-9cb2882ae449,Multivitamins,2025-07-12,3,83.83
HKVitals,Campaign_3,87,5e3ece60-9ef6-499f-b3b4-daf34ad1d634,Kids Nutrition,2025-06-23,6,275.7
MuscleBlaze,Campaign_5,39,cf0d3f06-b177-416d-b203-7633ac5dd02d,Kids Nutrition,2025-07-20,1,259.1
Gritzo,Campaign_7,20,e453c4c2-3037-40b7-90cc-f85fe214d458,Multivitamins,2025-07-09,6,286.86
HKVitals,Campaign_10,10,6403c4bc-1486-4c2d-9659-ddcc75373d14,Multivitamins,2025-07-12,7,292.81
HKVitals,Campaign_9,75,f4e580aa-f550-4c52-89d2-cac02dc69c90,Kids Nutrition,2025-02-02,9,382.95
HKVitals,Campaign_9,89,1cada48a-46a4-4ee1-aa2e-1e6a1bff56f4,Whey Protein,2025-06-03,8,236.16
Gritzo,Campaign_9,47,dfff8cea-2687-4a98-bf0f-666225e050f6,Kids Nutrition,2025-02-27,8,130.87
MuscleBlaze,Campaign_2,82,05cf079e-a095-4c4d-b3bd-2348854bc8fa,Whey Protein,2025-03-16,5,441.91
Gritzo,Campaign_6,85,8a9b7b20-aeb1-4cd3-b836-0a876aa22571,Whey Protein,2025-07-18,4,58.6
Gritzo,Campaign_1,83,6b8da340-58c1-48e2-b951-d52b21cc8ba7,Kids Nutrition,2025-04-15,2,109.98
Gritzo,Campaign_7,83,4aa0d842-057f-4d20-a50a-0a29bcda835f,Multivitamins,2025-02-24,5,369.2
MuscleBlaze,Campaign_1,56,cd4f2875-df2d-4f20-85a4-3113101d759e,Whey Protein,2025-03-05,7,311.34
MuscleBlaze,Campaign_9,34,a50939f1-8505-491d-b28b-ffb9d5bf1edb,Kids Nutrition,2025-03-25,2,184.14
Gritzo,Campaign_10,67,a7dfeb92-57c1-4f7e-9425-fc3a6964a112,Kids Nutrition,2025-05-24,9,281.57
MuscleBlaze,Campaign_8,74,97e642d6-7c74-4895-9388-d128c96d525e,Multivitamins,2025-05-28,6,425.54
HKVitals,Campaign_10,51,8c68720e-d787-463d-87b8-f95cb265a6c2,Kids Nutrition,2025-04-15,6,418.01
MuscleBlaze,Campaign_6,65,21c7c0f6-9137-47ab-8dd8-5715753ff3e2,Whey Protein,2025-07-12,9,479.46
MuscleBlaze,Campaign_5,62,ca0d72ce-2bf6-46c4-8e76-74e9ca12ba49,Multivitamins,2025-03-10,9,342.41
MuscleBlaze,Campaign_3,11,f8815f18-5f34-4d6c-bbf7-5b573a0e618f,Multivitamins,2025-03-15,3,422.57
HKVitals,Campaign_8,40,25f98046-0c1d-480e-9873-9636c50e5194,Whey Protein,2025-03-28,6,439.56
HKVitals,Campaign_6,67,2a96c526-f4ca-4e70-b4b7-99ec48cd42c0,Multivitamins,2025-05-19,5,71.11
HKVitals,Campaign_8,13,890a83b4-b639-429e-a929-8691ec93e43d,Multivitamins,2025-03-15,4,363.81
HKVitals,Campaign_1,9,d6de70c5-2ce4-499d-b924-08c32ea9ef6c,Kids Nutrition,2025-06-05,8,116.43
MuscleBlaze,Campaign_6,15,cb618d75-aa96-4dfb-a79b-265ab15f3994,Kids Nutrition,2025-02-17,5,334.89
Gritzo,Campaign_3,14,0a88e6ca-1dee-4b6d-bce7-5d1e2947fd26,Kids Nutrition,2025-03-21,6,350.85
Gritzo,Campaign_3,32,42aa0bc7-70de-43fc-a060-917a931414e8,Kids Nutrition,2025-03-31,5,24.24
HKVitals,Campaign_9,21,b506c24d-8fff-49f7-b485-0fcd2f3b2b18,Multivitamins,2025-01-25,4,98.85
MuscleBlaze,Campaign_7,60,58065bae-fa5f-4fdb-9123-39faaa61b32f,Kids Nutrition,2025-02-16,4,207.14
MuscleBlaze,Campaign_7,24,f9b81e65-8a34-426b-b2cc-3fc55f775a7a,Multivitamins,2025-02-19,7,245.68
Gritzo,Campaign_10,4,eba18fa8-1f19-485b-8d33-0569889cd33d,Whey Protein,2025-01-23,3,41.78
Gritzo,Campaign_7,58,c4bd9b59-7fd9-496f-ae5a-88566791659c,Multivitamins,2025-02-16,7,354.44
Gritzo,Campaign_4,1,51f9cd77-ed85-4a6d-b542-2851f2a24da4,Whey Protein,2025-02-18,8,305.71
Gritzo,Campaign_2,36,8bd03267-bd0e-41ce-b85b-c2d301196e6d,Kids Nutrition,2025-04-27,2,303.69
Gritzo,Campaign_3,14,4ba99d78-b498-45d0-a5b1-c79954cecee7,Multivitamins,2025-04-21,3,142.21
MuscleBlaze,Campaign_8,42,f1aa9ba0-f838-41c5-8a32-1d2ae55ec749,Whey Protein,2025-06-14,3,254.15
Gritzo,Campaign_8,34,aab9278d-92df-4f99-be7b-178dfb0e7c28,Kids Nutrition,2025-02-16,3,38.69
HKVitals,Campaign_10,82,e82956cf-ba81-4860-90b3-032dccb1063d,Multivitamins,2025-07-17,6,112.82
HKVitals,Campaign_10,79,1cc0b764-b06b-4fca-96b4-05d7712dd406,Whey Protein,2025-06-10,4,263.46
HKVitals,Campaign_8,45,23b13ebd-0a42-4e3f-a671-d5827a9e8394,Kids Nutrition,2025-05-30,4,69.96
Gritzo,Campaign_5,23,0659010a-4ede-49b6-9deb-979d8d0bb6d7,Kids Nutrition,2025-04-06,1,222.67
MuscleBlaze,Campaign_3,76,722b4439-3869-43c9-9743-b5a89e15ebcc,Multivitamins,2025-03-29,2,192.0
MuscleBlaze,Campaign_5,16,9bafcc20-0e16-4f3f-938c-c0ca17acd7e9,Whey Protein,2025-05-23,1,303.13
HKVitals,Campaign_3,24,38de6b6e-86c4-4e42-955b-c34631f55560,Kids Nutrition,2025-06-19,9,467.23
HKVitals,Campaign_10,50,321a6c3f-4726-4c24-8460-5896ef87bf0d,Whey Protein,2025-01-23,1,216.41
HKVitals,Campaign_7,74,72098a7b-d975-4562-89d5-635715661feb,Whey Protein,2025-05-30,4,253.12
Gritzo,Campaign_9,63,f9d09e26-165e-45b5-b526-d3b0abeb35d1,Kids Nutrition,2025-04-28,6,495.65
MuscleBlaze,Campaign_9,83,51589375-7d8f-4350-b1c7-7a4464f8f226,Whey Protein,2025-05-16,7,290.22
HKVitals,Campaign_3,63,0e5922e9-f182-4df7-82f5-52c89ae66149,Whey Protein,2025-07-14,5,100.39
HKVitals,Campaign_10,41,25dfc8fa-65c6-4c7b-9c6e-bf5aaab133ba,Whey Protein,2025-06-07,2,90.99
MuscleBlaze,Campaign_8,46,62d846d0-5ea0-41cd-ad79-d8bfda92e740,Whey Protein,2025-04-01,1,297.05
HKVitals,Campaign_9,25,59f2674c-584c-40f7-88de-d8be031eef96,Kids Nutrition,2025-03-19,6,143.8
HKVitals,Campaign_7,84,8f9fdc15-dfd2-4d15-b211-4575fa3efd03,Kids Nutrition,2025-02-05,1,465.51
HKVitals,Campaign_8,63,71b86ce0-e347-4e25-ba54-98fd3737cc38,Multivitamins,2025-06-11,3,470.93
MuscleBlaze,Campaign_10,22,7147f758-cdbe-4548-aa65-66e8fe1ad905,Whey Protein,2025-03-16,3,220.53
MuscleBlaze,Campaign_5,98,f8698e93-ba5e-4066-8e40-924a29ee29f4,Whey Protein,2025-07-12,3,194.69
MuscleBlaze,Campaign_9,36,6a089aa0-e57c-4c02-ba85-e4036c80444b,Multivitamins,2025-02-15,5,245.64
HKVitals,Campaign_10,22,160934d1-9912-4090-9651-6ec2d5e4157d,Kids Nutrition,2025-02-15,5,234.51
HKVitals,Campaign_9,99,fd06a179-7980-4efa-8da0-8e483531518a,Kids Nutrition,2025-07-06,5,355.95
Gritzo,Campaign_2,15,10ecf6ae-55dd-4f38-bc94-54ae867a211a,Multivitamins,2025-07-19,4,34.42
Gritzo,Campaign_6,100,60329ee6-c190-40cf-9736-bb4ff5c8ce3c,Kids Nutrition,2025-02-05,7,253.27
MuscleBlaze,Campaign_8,97,ea16ce6e-a388-4a32-a8d2-699201b1c626,Kids Nutrition,2025-03-13,1,392.3
HKVitals,Campaign_2,28,764d7e7c-8e49-40f9-acc5-c9de6a1d9731,Kids Nutrition,2025-06-05,4,385.1
MuscleBlaze,Campaign_5,84,230da680-ea35-4f17-8157-a7619162f6db,Whey Protein,2025-02-26,6,120.36
HKVitals,Campaign_6,58,4a1a4219-61bb-45fb-9510-8bc02f9e1ddb,Whey Protein,2025-05-06,9,378.17
MuscleBlaze,Campaign_4,57,d3850240-d2a2-4839-8acf-c6ac7d9704fe,Whey Protein,2025-03-18,8,241.31
Gritzo,Campaign_6,95,7e7d5e88-4dcd-4534-95d0-3545d5a76023,Kids Nutrition,2025-05-07,5,43.79
Gritzo,Campaign_7,79,06defca8-397a-484f-b6a4-c79bbd673458,Whey Protein,2025-06-21,6,138.24
MuscleBlaze,Campaign_4,79,4cd7e6f7-433e-4d2c-a76e-1d6700a0586e,Whey Protein,2025-05-23,3,145.05
Gritzo,Campaign_6,8,1fca0f16-78f8-455f-a2f5-a68bd590f435,Kids Nutrition,2025-05-25,8,487.67
Gritzo,Campaign_9,36,6acac954-49a5-4d0d-a487-1ab3aa794de7,Whey Protein,2025-02-22,6,220.15
Gritzo,Campaign_5,42,a510af65-b016-4db8-a823-99437dec4605,Multivitamins,2025-03-07,9,390.59
HKVitals,Campaign_9,74,46f7b20a-c3c4-4506-9e8e-06ed07480379,Kids Nutrition,2025-04-24,9,248.91
MuscleBlaze,Campaign_7,13,9950f11a-1114-40da-b87a-e6defe8c9aab,Whey Protein,2025-06-12,8,32.79
Gritzo,Campaign_3,36,90c97f00-7b01-4fdd-94c0-b9e05c9c4570,Kids Nutrition,2025-04-13,2,454.15
MuscleBlaze,Campaign_3,17,af97fbd2-a0c4-4942-8206-7d80de4beb12,Kids Nutrition,2025-04-21,9,179.5
MuscleBlaze,Campaign_7,42,1e9d095b-d17a-49bd-b1ba-0beaf9690579,Multivitamins,2025-04-01,2,211.44
Gritzo,Campaign_5,19,047dd583-9344-4b2f-bba3-16688334e524,Kids Nutrition,2025-07-02,7,52.35
HKVitals,Campaign_8,54,0efa8993-94e7-4f26-a9b0-5b3742710779,Whey Protein,2025-02-16,2,368.9
MuscleBlaze,Campaign_7,82,b17aff6d-e0d9-4670-b606-fa3451d69f11,Kids Nutrition,2025-02-14,4,72.71
HKVitals,Campaign_6,96,45cdb96b-0d8a-46f3-a9ce-9bfa5b7d9d2d,Multivitamins,2025-03-30,7,202.79
HKVitals,Campaign_10,63,f4852088-e97f-4025-a2e1-17986b65450b,Whey Protein,2025-03-29,8,137.48
Gritzo,Campaign_2,100,8794ac7e-4aaa-4f99-8a34-041e0c78947b,Kids Nutrition,2025-05-23,9,252.3
Gritzo,Campaign_6,59,319dd940-838c-4137-93aa-e9c8efb278fd,Whey Protein,2025-06-16,5,135.7
HKVitals,Campaign_4,69,1831b802-c3c2-4ee6-aee9-4ed9a0c69223,Multivitamins,2025-05-15,3,365.33
HKVitals,Campaign_5,28,52965cf3-8b30-4b4c-aac9-6b60c0ac430a,Multivitamins,2025-07-07,5,287.01
HKVitals,Campaign_9,37,af5a01cc-d851-45ac-93aa-9b2750f32ab5,Kids Nutrition,2025-06-23,3,161.26
Gritzo,Campaign_8,17,b2adffa6-af79-4d4a-857e-55cb4d131338,Multivitamins,2025-06-01,5,308.18
MuscleBlaze,Campaign_1,88,947defcf-88cf-453d-9888-89ce5cce495d,Whey Protein,2025-03-28,9,99.68
HKVitals,Campaign_1,81,230f1e69-034d-42fd-a4ca-abcbd2c4c286,Whey Protein,2025-04-29,1,84.11
HKVitals,Campaign_8,21,7c2257a0-c75f-4368-9f7d-dbb1480afe9f,Whey Protein,2025-04-09,4,214.82
MuscleBlaze,Campaign_3,55,29bc4734-e929-46be-abc0-95f5571ec230,Kids Nutrition,2025-02-07,9,426.8
MuscleBlaze,Campaign_5,39,389ae4fd-80dd-4386-a790-e92f37c6bc5d,Whey Protein,2025-06-29,7,277.1
HKVitals,Campaign_5,84,8f040721-e5a5-429e-8b8c-1d76303c1503,Whey Protein,2025-05-18,8,66.24
Gritzo,Campaign_3,48,86912efe-f3d6-49f2-94d7-b0cab08d1676,Whey Protein,2025-07-02,2,207.95
Gritzo,Campaign_5,51,b3c7a1a8-8d15-4aef-b669-7d0a88376bbc,Kids Nutrition,2025-06-14,9,397.93
MuscleBlaze,Campaign_7,90,75e2c2fa-6ad7-4453-9d2c-ec89cd75e6de,Kids Nutrition,2025-07-15,1,276.33
Gritzo,Campaign_2,12,21986e3c-d19f-4f31-9dd7-3f1f138ef8cc,Whey Protein,2025-07-17,6,120.81
HKVitals,Campaign_2,28,4fc34759-5924-48ee-bac1-b4f90472f9f6,Whey Protein,2025-06-02,2,247.5
MuscleBlaze,Campaign_9,76,7122d7a0-d129-42d3-a396-6b835cd14b22,Kids Nutrition,2025-07-10,5,79.07
MuscleBlaze,Campaign_1,57,c37a9ab0-85eb-43c8-98ff-805cfcd2280e,Kids Nutrition,2025-03-26,6,426.49
MuscleBlaze,Campaign_7,44,075cc8eb-4dff-49aa-b5bb-abce2c15c4ad,Kids Nutrition,2025-06-12,2,57.81
HKVitals,Campaign_2,17,20f36e92-38ec-41aa-9e5c-5da8d087edcb,Whey Protein,2025-07-04,3,328.98
MuscleBlaze,Campaign_2,50,3a00c83e-b023-4bc3-a471-a957b1b9fd9d,Whey Protein,2025-03-19,6,152.39
HKVitals,Campaign_5,41,fb29ff36-2155-4ba8-b5b8-23e420168e6d,Whey Protein,2025-02-03,8,64.85
MuscleBlaze,Campaign_3,49,c8b62c18-c355-453e-b0d9-751c6cc0067f,Whey Protein,2025-02-09,3,35.46
Gritzo,Campaign_1,68,7bf820f6-c652-4c3d-84d0-7f2913e675fd,Kids Nutrition,2025-06-15,1,108.67
MuscleBlaze,Campaign_8,84,1b99eb83-3244-4f07-8ae2-63e06e663c0a,Multivitamins,2025-01-25,7,437.35
MuscleBlaze,Campaign_3,93,97da64cb-8373-4f49-a8e7-ebe3cb05aa14,Multivitamins,2025-01-30,4,380.81
Gritzo,Campaign_8,79,40c56cf6-e895-4041-9e71-afa97815c7df,Whey Protein,2025-01-27,6,18.79
MuscleBlaze,Campaign_3,12,02a13629-aae6-41a1-8d38-a8d010f59651,Whey Protein,2025-06-14,8,440.14
Gritzo,Campaign_7,76,eb8b8c11-1fb0-4f34-8849-743618b475b1,Multivitamins,2025-05-15,6,89.19
HKVitals,Campaign_3,55,3334cd07-e6b3-4561-966d-273534952c00,Whey Protein,2025-02-23,9,284.49
Gritzo,Campaign_2,36,173d5030-077d-4688-99fe-1c45abac7bf8,Whey Protein,2025-02-16,1,23.31
Gritzo,Campaign_10,71,47021755-f11c-40a4-bf06-d520d88a617b,Kids Nutrition,2025-05-11,9,56.13
HKVitals,Campaign_1,78,daea544a-291a-4905-9a29-fe6b590bd0c6,Kids Nutrition,2025-04-26,3,455.52
MuscleBlaze,Campaign_9,39,3de814ac-9cea-467b-ba82-854ac7e2a618,Kids Nutrition,2025-04-27,1,201.46
MuscleBlaze,Campaign_7,66,d1d06bcd-195e-4d72-917e-894e91faf1c7,Multivitamins,2025-05-11,3,61.68
MuscleBlaze,Campaign_4,83,378d2f8d-8761-49da-8394-79c1c363f61f,Multivitamins,2025-06-06,4,231.33
MuscleBlaze,Campaign_4,50,2bf95861-4827-4440-b6d9-fe1731094211,Multivitamins,2025-07-13,2,55.77
Gritzo,Campaign_2,82,f93c8859-011b-4348-8981-1f35c10750bc,Kids Nutrition,2025-06-08,5,482.59
HKVitals,Campaign_6,2,eba46463-36c9-4657-ac9a-799e19437791,Whey Protein,2025-04-26,8,101.49
Gritzo,Campaign_7,50,5dd0855c-7986-4498-b52f-80c9d9ee9678,Multivitamins,2025-06-03,8,150.7
Gritzo,Campaign_3,70,ac6c2e1b-708d-4094-af64-672f96e1a522,Multivitamins,2025-02-08,9,293.02
MuscleBlaze,Campaign_1,99,fb368cf4-5ad5-4309-95b1-a96a2e4c16e2,Kids Nutrition,2025-04-02,5,163.05
MuscleBlaze,Campaign_5,9,3a40fe39-83a5-4421-b6da-a93a6c914882,Whey Protein,2025-04-08,9,204.03
MuscleBlaze,Campaign_7,6,5074ac13-fc0f-44cd-82eb-baa21ce370ed,Kids Nutrition,2025-02-12,8,264.89
Gritzo,Campaign_9,37,22cb2720-850c-4dfd-9c3d-ae1977455560,Multivitamins,2025-04-25,4,283.33
Gritzo,Campaign_7,55,49cc253f-b469-4ec4-9c7a-e8efc3245e35,Whey Protein,2025-05-07,2,165.21
Gritzo,Campaign_9,82,53ff5f1f-150e-4388-8a65-52a5b8ddf15d,Kids Nutrition,2025-04-24,3,187.92
HKVitals,Campaign_2,20,74fa65ce-489a-427e-a281-03f01d9fff25,Multivitamins,2025-05-15,2,92.74
Gritzo,Campaign_4,11,f9e6debb-afe2-487f-8fdf-af5dbc75ed53,Whey Protein,2025-07-01,6,78.95
HKVitals,Campaign_7,69,6843a5c3-8dcd-4e9b-b9d2-d74a71a71782,Kids Nutrition,2025-03-16,1,26.36
Gritzo,Campaign_2,82,3054366b-6d8e-4559-9af9-3e99fc267da6,Multivitamins,2025-07-04,8,448.05
HKVitals,Campaign_4,90,cd6c78dd-d74f-4844-a50e-a3ec11d1e7d5,Whey Protein,2025-04-21,5,225.76
MuscleBlaze,Campaign_7,32,2de66d5b-5e10-43a0-addb-8943f067ad82,Whey Protein,2025-01-21,6,484.2
Gritzo,Campaign_10,59,ac0e7307-7ddc-4af6-ac95-adb1ffac54fd,Whey Protein,2025-02-08,3,442.38
Gritzo,Campaign_3,40,a8969e70-85cd-4384-b024-979265787d0c,Whey Protein,2025-05-30,7,483.89
Gritzo,Campaign_3,2,65125d2e-24b3-4c8e-9e85-0f8015c2f297,Kids Nutrition,2025-04-06,7,69.99
MuscleBlaze,Campaign_8,2,1a0a7680-fa42-456e-972e-c23eb1edf3d3,Multivitamins,2025-06-11,2,91.32
Gritzo,Campaign_5,67,2b3171dc-fa54-4893-a476-231aecdfd364,Whey Protein,2025-01-31,6,490.09
MuscleBlaze,Campaign_5,48,56b09052-32f7-4350-b9a7-32dc5d1c1906,Kids Nutrition,2025-02-26,7,73.61
MuscleBlaze,Campaign_6,16,677f7c73-fd9b-4af3-9812-5123984f5a56,Multivitamins,2025-02-11,5,284.28
Gritzo,Campaign_2,35,b9a6bd75-6cb9-4a2c-968e-51f03b9d5832,Multivitamins,2025-04-25,1,24.39
Gritzo,Campaign_2,92,c416c07c-b6a7-47b1-83cb-0c28474cfa29,Multivitamins,2025-05-11,4,446.23
Gritzo,Campaign_6,59,ca1c3218-c19d-41c5-85e1-8b7797f971d5,Whey Protein,2025-06-23,5,486.99
Gritzo,Campaign_3,64,5b29317a-6675-45e2-b177-3294a4d21eae,Multivitamins,2025-04-21,9,411.34
HKVitals,Campaign_2,21,67899d92-f33c-4c36-9a69-0cadaaab5830,Kids Nutrition,2025-04-23,2,64.27
Gritzo,Campaign_2,87,c49b9e62-25ba-4f03-8765-606982ec0fc3,Whey Protein,2025-04-17,9,240.87
Gritzo,Campaign_1,95,7d457a09-402d-45e8-9f47-d9021ba84a91,Whey Protein,2025-04-25,9,185.32
MuscleBlaze,Campaign_1,2,2275b1e2-f141-42c7-a0dc-ec7d3b172319,Multivitamins,2025-01-24,2,411.44
HKVitals,Campaign_3,47,d48f5ba3-0d87-4c72-bce0-5a63197f9b8d,Whey Protein,2025-02-01,5,65.34
Gritzo,Campaign_7,5,f8d9bf33-06d9-43c0-ad98-73017f85c4e7,Whey Protein,2025-02-22,1,127.54
MuscleBlaze,Campaign_7,42,53b3618b-ade0-4648-9ac6-030661f43c2b,Kids Nutrition,2025-02-17,4,453.63
HKVitals,Campaign_2,41,18a95210-9f8c-4c51-9f39-36a54d8131f5,Kids Nutrition,2025-06-15,3,230.67
MuscleBlaze,Campaign_9,48,851b5f38-c069-4f1d-a93c-94131396a289,Kids Nutrition,2025-06-17,9,223.4
MuscleBlaze,Campaign_4,7,33b1cca4-774d-44f5-8af0-72267e000029,Kids Nutrition,2025-03-17,6,371.65
HKVitals,Campaign_2,6,813a3aa5-7d81-4c21-bf76-4fcea97ef131,Multivitamins,2025-03-10,3,25.25
HKVitals,Campaign_6,37,dc137c04-cf3a-4f8d-97f7-31e38add3976,Whey Protein,2025-05-03,2,169.3
HKVitals,Campaign_1,71,c3933447-f3dc-40bf-8486-0bee8bef4a76,Multivitamins,2025-01-25,8,11.87
HKVitals,Campaign_10,26,ea3973ff-e14f-4a78-ae2f-1d3bfd9f45f4,Multivitamins,2025-02-11,7,91.89
Gritzo,Campaign_4,95,da55f825-5086-4384-b33a-c54f62359144,Multivitamins,2025-04-02,4,121.32
Gritzo,Campaign_8,48,08697ffa-0936-4f02-b5ac-0819714b5c03,Whey Protein,2025-02-22,8,45.61
Gritzo,Campaign_4,94,c7859c05-dc40-4942-a8cf-29368e81b2f0,Whey Protein,2025-03-18,3,350.13
HKVitals,Campaign_1,1,7dd19b8f-2a05-4b69-b4c0-4bdfe27bb6c4,Whey Protein,2025-04-12,9,115.61
HKVitals,Campaign_1,70,639ac771-b739-428a-8ffd-5b7a226dd24f,Multivitamins,2025-04-23,5,26.26
Gritzo,Campaign_7,1,acce693e-91a0-4ef2-9c00-7554c3963bf9,Kids Nutrition,2025-04-24,5,210.07
HKVitals,Campaign_2,94,8a159e92-af74-4e63-8dc4-c81fa8fae904,Whey Protein,2025-05-10,4,469.77
MuscleBlaze,Campaign_7,68,dab6c73d-8fef-487b-b9d5-4e9f78460474,Multivitamins,2025-02-18,1,385.37
MuscleBlaze,Campaign_5,8,436d977b-6431-4bbe-8e44-c9dc81b61c87,Whey Protein,2025-04-25,3,38.96
MuscleBlaze,Campaign_9,6,9defc23f-60b7-49a9-b88a-fc64974ebb87,Multivitamins,2025-05-30,2,328.88
HKVitals,Campaign_8,90,48d0e602-fa4f-4ba8-8437-6d895a4eb9f3,Kids Nutrition,2025-03-22,6,338.66
Gritzo,Campaign_2,11,0b8ce21f-9728-4c5e-8734-a4030fb97b5d,Kids Nutrition,2025-02-12,7,92.85
Gritzo,Campaign_7,18,cf3ee4aa-594f-4d27-9dcd-0d40d6415102,Whey Protein,2025-06-12,2,229.06
Gritzo,Campaign_1,76,e42f0c28-c3e3-4148-86e2-e861957edc3c,Multivitamins,2025-05-20,6,121.1
MuscleBlaze,Campaign_4,85,6d9b1eb1-18eb-4ed7-a16d-41c8575c9669,Multivitamins,2025-03-27,5,277.86
HKVitals,Campaign_7,34,59ecc846-6974-47ea-9b7c-57e8fdf02450,Kids Nutrition,2025-01-29,3,212.25
HKVitals,Campaign_6,95,3c10316d-3f63-4065-be85-c8c4a9470663,Multivitamins,2025-05-24,4,18.82
MuscleBlaze,Campaign_2,35,e90f4137-15be-4dd0-97b0-27ce4fe5c13b,Whey Protein,2025-06-01,8,372.55
Gritzo,Campaign_2,18,1d4dfdb1-4e0e-4e2e-9e72-d97010c49f9e,Whey Protein,2025-03-25,6,147.22
MuscleBlaze,Campaign_8,14,537c64b0-89d5-4f23-850b-d8482b76a718,Multivitamins,2025-01-26,9,153.19
HKVitals,Campaign_2,41,6c27316b-dd05-4827-a863-782e75fe2857,Kids Nutrition,2025-05-09,3,414.76
MuscleBlaze,Campaign_8,46,444122a5-6bd1-4826-a6c2-cbb783c74cbe,Multivitamins,2025-01-22,3,404.4
HKVitals,Campaign_2,60,05b149a0-9686-4676-b83e-40abb22a55a6,Whey Protein,2025-03-21,4,491.08
Gritzo,Campaign_5,21,528a34f3-63ea-40a1-9202-b09c60b36938,Kids Nutrition,2025-05-10,9,159.33
Gritzo,Campaign_1,90,199d5089-7d05-421c-8eee-7d6519048ca7,Whey Protein,2025-06-02,7,271.01
MuscleBlaze,Campaign_2,42,7f29c9e7-5601-46a5-b4b6-685dacd4180a,Kids Nutrition,2025-04-26,3,437.65
HKVitals,Campaign_7,32,56ec0e55-aad9-493d-83d0-bde3cfbba84a,Kids Nutrition,2025-02-20,8,354.81
Gritzo,Campaign_5,7,f82c6ad8-5d03-4a06-8cad-66c59d655c03,Multivitamins,2025-04-13,4,57.3
MuscleBlaze,Campaign_7,23,d8eae31b-a2ac-4896-bf38-3a3e33a67403,Multivitamins,2025-06-20,9,16.08
Gritzo,Campaign_9,72,892c6b33-d9af-4224-9723-2ce313483fb3,Whey Protein,2025-03-01,8,149.08
HKVitals,Campaign_2,13,4c1d2e43-0c2b-43e4-83e1-346d49902258,Whey Protein,2025-05-10,5,155.65
MuscleBlaze,Campaign_1,16,9fe3f824-39d3-49cf-8dfa-76af66eb43b0,Whey Protein,2025-06-12,9,33.59
MuscleBlaze,Campaign_7,17,d81ca1a0-b7bb-42aa-978a-8c73f53ba020,Multivitamins,2025-05-11,4,439.85
Gritzo,Campaign_2,88,45fb3e8a-563b-44fa-9784-713d18407642,Kids Nutrition,2025-02-01,2,337.22
HKVitals,Campaign_2,76,79ab3018-87f3-49a4-8d1a-810d910171d2,Whey Protein,2025-04-11,6,447.23
MuscleBlaze,Campaign_8,9,13a0181b-cbaf-4542-98e9-bbad35b1773c,Whey Protein,2025-05-25,7,270.35
HKVitals,Campaign_2,12,cddb3f9e-8130-4e68-8d45-d885d2e08e57,Whey Protein,2025-03-18,1,149.79
MuscleBlaze,Campaign_3,60,5037e669-8a3a-4129-a9d8-4c4f6ed338be,Kids Nutrition,2025-02-26,3,141.21
Gritzo,Campaign_7,56,9ffda1e7-4052-43a5-a6fd-32156a107fb7,Multivitamins,2025-04-29,2,290.94
HKVitals,Campaign_7,4,8c2d0e27-c370-42e2-abeb-5f497406ca32,Whey Protein,2025-02-23,5,41.18
MuscleBlaze,Campaign_3,46,b40d8aef-a0ba-4142-84c3-2fede182701b,Multivitamins,2025-04-29,4,117.91
HKVitals,Campaign_3,36,7fcbcf31-93ac-409a-afc1-0403dcda8cc1,Whey Protein,2025-03-01,1,371.41
Gritzo,Campaign_10,79,be015802-d2eb-4277-b64d-4de0a92a9880,Whey Protein,2025-07-20,9,455.72
HKVitals,Campaign_8,83,a34f2452-efe9-48c9-8497-734d77a0aa7f,Multivitamins,2025-05-02,4,435.59
HKVitals,Campaign_1,71,c4e4fe52-da4f-406b-9d4a-c78bcf1643a0,Whey Protein,2025-07-14,2,440.7
HKVitals,Campaign_3,36,ba0371f9-90ed-41d3-af44-4cf56f089155,Multivitamins,2025-05-20,1,22.32
Gritzo,Campaign_9,26,5d411ac5-335d-4b46-85b3-75aa0f546781,Whey Protein,2025-04-18,7,220.91
Gritzo,Campaign_1,81,bf164454-2685-402c-bd89-25a925d287d0,Multivitamins,2025-06-01,6,222.95
HKVitals,Campaign_8,92,6f75a3b2-d818-4112-8cde-dddbc3f9c78c,Kids Nutrition,2025-04-08,9,177.0
HKVitals,Campaign_10,63,e94053af-d488-4dff-9c35-25775193412d,Kids Nutrition,2025-01-31,4,227.26
HKVitals,Campaign_5,42,69958fd1-d891-4adf-b41c-612aa2491260,Whey Protein,2025-03-11,8,474.57
HKVitals,Campaign_10,4,291c0da1-a563-4d3a-897b-c13bd2deb47d,Whey Protein,2025-03-09,6,299.93
HKVitals,Campaign_1,4,67e6d49a-3c73-413b-99ea-5bbdafd5b90b,Multivitamins,2025-03-06,3,126.34
HKVitals,Campaign_10,68,07179ef3-3121-4863-a663-ed111d122ccf,Whey Protein,2025-03-07,7,74.53
MuscleBlaze,Campaign_4,21,76d32b96-4f7f-463e-93c5-44a3cc0b200d,Kids Nutrition,2025-04-23,4,198.41
HKVitals,Campaign_9,31,6c097204-6fa6-481c-bdc5-62858f50b11f,Kids Nutrition,2025-05-24,3,329.59
MuscleBlaze,Campaign_10,8,28cbb7ca-33b5-4667-8979-13a0e7d90c1b,Multivitamins,2025-03-12,2,143.07
MuscleBlaze,Campaign_3,46,ca27cd69-4226-4ba4-8775-d77822ed1e25,Whey Protein,2025-06-24,7,492.08
HKVitals,Campaign_6,76,2d0d5e1d-8cfb-437c-a89e-a4df471c10ae,Kids Nutrition,2025-05-24,8,320.71
Gritzo,Campaign_6,4,b8f40e5e-f6ba-4ccc-8acf-bd89da3ed15a,Kids Nutrition,2025-04-23,6,446.83
MuscleBlaze,Campaign_10,73,dc0db266-0e29-4d9a-8518-bd4dc840789b,Whey Protein,2025-07-12,2,187.31
Gritzo,Campaign_5,64,4c485cfc-9a02-40da-905c-1021157c6813,Whey Protein,2025-07-06,6,32.37
MuscleBlaze,Campaign_2,63,683199c6-f480-4da5-a68c-13481046e3df,Whey Protein,2025-07-12,8,127.04
Gritzo,Campaign_4,30,e2be80e1-a84d-4f25-abf2-b3695d0a06d3,Whey Protein,2025-02-05,1,230.73
HKVitals,Campaign_1,68,b9676dc6-d6fd-41a5-b173-12f4659ae9f2,Multivitamins,2025-07-01,1,315.03
MuscleBlaze,Campaign_3,79,922b4fb2-1ca7-4972-bc6d-317323fbc01f,Multivitamins,2025-06-10,3,229.26
MuscleBlaze,Campaign_6,92,859f02bb-1ee2-4f39-aed4-db8980104995,Whey Protein,2025-05-27,4,111.43
MuscleBlaze,Campaign_10,3,c66dfe25-f31d-4e25-9496-634fd438231d,Kids Nutrition,2025-07-18,6,428.53
MuscleBlaze,Campaign_9,19,e272d7ca-7f17-4b55-8076-7e21867772d3,Multivitamins,2025-02-05,1,117.34
HKVitals,Campaign_7,10,c5efd670-1f4d-48ce-998d-e3d83cf29ade,Kids Nutrition,2025-06-24,4,62.93
HKVitals,Campaign_5,13,95966725-d513-4a02-944c-14d1503ba8c3,Multivitamins,2025-06-11,7,403.27
MuscleBlaze,Campaign_7,18,be741860-bf95-4403-8e4b-a2bb63d3ce8e,Kids Nutrition,2025-03-05,1,117.07
Gritzo,Campaign_6,63,24ef65a7-37cf-45ca-ac41-2493ef7cef26,Whey Protein,2025-02-08,6,466.56
Gritzo,Campaign_10,91,4648bbe8-f84c-47a9-b6cf-d2d52cd6e8df,Multivitamins,2025-04-14,9,410.17
Gritzo,Campaign_10,29,96e83922-dce7-4289-811a-315b688b4cfb,Whey Protein,2025-01-29,1,312.36
HKVitals,Campaign_5,49,b31a25b5-5fec-4a6e-8891-7cf57d8823d2,Whey Protein,2025-02-09,8,270.48
Gritzo,Campaign_1,23,79900a27-6c7c-4eb7-8bb5-f24251057c35,Kids Nutrition,2025-05-31,7,291.64
HKVitals,Campaign_10,74,e1228e75-4719-4f5c-b69b-d5963f10938c,Whey Protein,2025-06-20,7,251.84
Gritzo,Campaign_6,24,79a8226b-5ced-4017-a518-ec09efdd6a87,Kids Nutrition,2025-06-06,3,230.79
Gritzo,Campaign_10,29,05651e80-4ee4-4227-9245-00395e24296e,Whey Protein,2025-05-24,1,201.04
MuscleBlaze,Campaign_6,64,08e94548-9b16-4cb8-a7bd-1db7f7808afc,Kids Nutrition,2025-07-01,3,211.4
MuscleBlaze,Campaign_6,10,f0db6ecb-cc87-4b1c-a987-799bbd4c938c,Multivitamins,2025-01-29,8,338.76
Gritzo,Campaign_2,22,abede2b6-c9ee-497c-aade-7b17b0d090bd,Kids Nutrition,2025-03-06,1,413.66
Gritzo,Campaign_6,86,4f2c386f-627b-4edd-8d7f-937140c37cbc,Multivitamins,2025-05-23,7,477.48
HKVitals,Campaign_4,2,e7354db2-5ce4-424b-b35b-9f78f55f2e80,Whey Protein,2025-06-25,5,10.77
MuscleBlaze,Campaign_6,89,ddf0a0a2-88ef-482b-9f3e-ea66af6c6f61,Multivitamins,2025-03-05,7,361.61
Gritzo,Campaign_1,14,02038340-6372-4635-b141-4f58db8ec35b,Whey Protein,2025-07-14,7,29.87
HKVitals,Campaign_7,50,fa5dbd40-ed71-4fe9-a49a-0bf9f5f3943a,Whey Protein,2025-07-16,4,346.43
HKVitals,Campaign_7,53,efb2d33c-171a-4532-8d07-018b416aa7f6,Multivitamins,2025-06-27,2,335.99
HKVitals,Campaign_2,70,35dbe396-4c23-4844-bc47-22f3c1b4fd44,Multivitamins,2025-07-04,1,233.56
Gritzo,Campaign_4,74,70583380-ea77-41d6-a904-a6d6e3e735ab,Whey Protein,2025-05-21,2,55.22
MuscleBlaze,Campaign_1,58,c44921b6-cfef-4811-a124-c3f25132fe68,Multivitamins,2025-05-24,8,378.08
HKVitals,Campaign_5,3,462741ec-08ac-484f-8a10-b49968028b3b,Whey Protein,2025-07-06,1,208.08
HKVitals,Campaign_3,10,f0c44ecb-c78a-4900-92bd-16ec148113b4,Multivitamins,2025-04-24,3,183.84
Gritzo,Campaign_2,21,ed2eebea-69b7-4533-bca8-3a8278997035,Kids Nutrition,2025-07-01,7,212.21
HKVitals,Campaign_10,12,e0736c70-6c20-4d89-b7a6-9c32552d4865,Kids Nutrition,2025-07-16,9,326.76
Gritzo,Campaign_1,62,290c42f8-d30b-4f65-99b3-8619d1fb55b1,Multivitamins,2025-06-03,3,300.89
MuscleBlaze,Campaign_10,84,5a1341e7-10fd-4164-819f-239342ceef41,Multivitamins,2025-04-10,2,78.05
MuscleBlaze,Campaign_2,21,8c37e264-d03c-420a-baae-ebf89a244525,Multivitamins,2025-06-11,9,310.16
MuscleBlaze,Campaign_7,27,070077c1-b1f9-4a09-b408-f64653a71719,Kids Nutrition,2025-06-15,3,364.75
Gritzo,Campaign_9,71,2f098f4d-a43f-483a-a431-01e40d565923,Multivitamins,2025-05-21,5,452.2
HKVitals,Campaign_5,85,22d6f0a2-a41f-4d38-8a80-3df87182fcf2,Whey Protein,2025-01-19,6,416.22
MuscleBlaze,Campaign_7,13,4e385d03-a0d8-4651-b338-22d16691c664,Kids Nutrition,2025-03-20,8,411.81
HKVitals,Campaign_3,71,28670d3b-1c5f-4cba-950d-28eb93683dd6,Whey Protein,2025-03-08,9,216.8
MuscleBlaze,Campaign_7,47,c481ea69-f83b-4029-b6ac-204884308e0c,Whey Protein,2025-06-29,3,229.94
Gritzo,Campaign_10,38,d8d2660e-214d-4588-835e-a18aa630b287,Multivitamins,2025-05-14,7,292.83
MuscleBlaze,Campaign_1,26,f07db671-caea-4ae5-a90a-7b80af8d888d,Whey Protein,2025-03-22,5,70.27
Gritzo,Campaign_5,22,bc343d5d-df9e-4425-ba76-28e67394d796,Whey Protein,2025-02-13,1,115.87
MuscleBlaze,Campaign_5,61,97d02f8f-affd-443b-ac69-1f0442bbeaae,Multivitamins,2025-06-28,9,367.3
HKVitals,Campaign_5,61,32dba028-4823-4ebe-8cad-e92e53dc4fae,Whey Protein,2025-02-04,9,43.02
Gritzo,Campaign_7,83,64bc08cf-2e90-4b5c-9e1b-015f6a1c701b,Whey Protein,2025-07-08,5,349.32
HKVitals,Campaign_6,48,e2643336-d5ad-46bc-b1db-9ad860980b94,Whey Protein,2025-05-09,2,207.91
MuscleBlaze,Campaign_5,58,05e15e2f-f2b7-4922-854e-dd713977fd2f,Multivitamins,2025-07-17,7,275.84
HKVitals,Campaign_4,60,a06aa68a-9cac-4d21-a5a8-c8af8efbd22a,Multivitamins,2025-03-04,6,396.6
MuscleBlaze,Campaign_3,73,76617a3b-f960-4ca3-96c7-2b1ae826fac7,Kids Nutrition,2025-02-26,2,198.28
MuscleBlaze,Campaign_2,86,2b339734-da11-4684-b385-d9de430438b5,Kids Nutrition,2025-01-28,3,430.21
Gritzo,Campaign_7,45,99b3568d-6dcc-4c60-9e35-836f66aa394c,Kids Nutrition,2025-03-10,9,221.18
Gritzo,Campaign_1,30,5e3003e1-f541-444e-96cc-b813263553ba,Multivitamins,2025-02-21,8,445.93
HKVitals,Campaign_9,67,039d08d0-1e0a-4f12-9136-d4adf27e8ce7,Kids Nutrition,2025-06-07,9,23.44
Gritzo,Campaign_4,61,eb8466e4-c5fa-4047-af66-9013869d4cb7,Multivitamins,2025-07-18,1,267.65
MuscleBlaze,Campaign_7,39,7e808d05-ac71-4531-93c7-24e8742632d7,Kids Nutrition,2025-02-11,2,91.76
Gritzo,Campaign_10,5,30c7809b-3401-45bd-b6ac-1c8e3977c7b4,Kids Nutrition,2025-07-05,5,326.41
Gritzo,Campaign_10,74,49b7e037-4425-4ea7-8839-24d7d03bcbfc,Whey Protein,2025-06-12,5,446.15
HKVitals,Campaign_3,16,6e6a3d5b-2154-4e4a-a1cf-91fb7e81cdfa,Whey Protein,2025-07-04,1,473.86
MuscleBlaze,Campaign_3,28,fec5ea47-372f-4f47-999f-069134e420bf,Whey Protein,2025-06-28,3,22.47
MuscleBlaze,Campaign_7,55,307a1acb-ad5c-4c49-ba09-8a2748708a92,Whey Protein,2025-04-10,2,322.08
MuscleBlaze,Campaign_10,81,255c82c7-cade-43ec-a895-09082e2cb850,Multivitamins,2025-01-24,1,59.62
Gritzo,Campaign_2,41,3c48c936-4305-4a31-b9e3-89054a4a15ea,Whey Protein,2025-05-18,5,270.23
Gritzo,Campaign_7,50,5ea0942c-3f91-4419-a846-a9df73733554,Kids Nutrition,2025-05-12,4,294.31
HKVitals,Campaign_9,42,15f2f85a-754a-4e48-a5b1-3afdaf2c20ac,Multivitamins,2025-01-21,6,232.46
Gritzo,Campaign_10,2,52c03f9b-df16-4b70-a219-b7f77808a004,Kids Nutrition,2025-06-02,4,92.01
HKVitals,Campaign_2,67,b69d2f48-3653-4588-afd5-8fe765c62548,Multivitamins,2025-04-03,2,247.94
MuscleBlaze,Campaign_10,20,98e1d54c-bc71-4183-ac5c-cba7b55d2fc1,Kids Nutrition,2025-03-09,8,488.95
MuscleBlaze,Campaign_2,75,0f0a6450-8e97-4ce1-9864-3b6a12b3c5eb,Kids Nutrition,2025-01-29,3,482.37
MuscleBlaze,Campaign_5,100,788f06ed-3c1e-419b-ae5a-400755367ab6,Kids Nutrition,2025-07-14,4,58.66
HKVitals,Campaign_5,45,f077671b-9b3b-4b4c-bf2a-50c05ab383c9,Multivitamins,2025-05-29,6,463.56
HKVitals,Campaign_10,84,b5a61d61-9925-4c9b-8d60-2879f79b1079,Kids Nutrition,2025-06-13,3,21.44
MuscleBlaze,Campaign_3,61,40efa857-015f-466c-8ba6-aa86cf5285f7,Multivitamins,2025-04-26,5,151.73
MuscleBlaze,Campaign_10,52,fa3f012e-4d71-4f28-a185-21ab9ea1e617,Kids Nutrition,2025-04-05,5,419.39
Gritzo,Campaign_7,88,f7d2a2ee-21da-4db1-9ef3-61c2abd7d3f1,Whey Protein,2025-07-11,5,478.4
HKVitals,Campaign_4,51,2deb5687-949a-4a46-8a87-2ac28f3f5995,Whey Protein,2025-03-10,5,242.26
HKVitals,Campaign_5,96,ee29e80e-7e2a-403a-80f5-8b812b7c5ee3,Multivitamins,2025-03-25,6,305.44
HKVitals,Campaign_5,3,16f32b93-21c5-4a88-b7d4-68eae0bdd765,Multivitamins,2025-03-21,9,492.17
HKVitals,Campaign_2,36,244cb9a8-6ed4-4a6d-87c9-daacb5d34f2f,Whey Protein,2025-03-10,4,25.16
HKVitals,Campaign_8,18,fa801062-0b4e-460a-9032-6fe61de95c72,Multivitamins,2025-02-12,6,275.29
Gritzo,Campaign_7,35,d5b5b7b0-f92e-4fa1-9f26-64247fcc4456,Kids Nutrition,2025-03-14,5,244.16
MuscleBlaze,Campaign_4,83,6e1a1e1b-ed1d-4efa-9c4f-c55ebf715a28,Multivitamins,2025-03-14,2,92.49
HKVitals,Campaign_8,28,9ce91544-4362-462d-a07e-e721e71d6ba3,Kids Nutrition,2025-06-29,5,418.49
MuscleBlaze,Campaign_9,48,8458526b-4385-43e3-ad3d-5159c2f5da5f,Whey Protein,2025-03-20,3,184.53
HKVitals,Campaign_9,9,50c76baa-2a3c-4137-a486-23dd6f8ef978,Multivitamins,2025-06-11,2,137.07
Gritzo,Campaign_10,18,f33685da-c380-4b4a-bdc4-2f12fe9bd0e1,Whey Protein,2025-02-17,3,96.81
MuscleBlaze,Campaign_4,23,a84ca488-ec40-44c6-9a60-69f38e40b294,Whey Protein,2025-05-22,5,177.8
MuscleBlaze,Campaign_8,32,305d0ef7-0d9f-483d-b0a3-2883cc582872,Whey Protein,2025-02-16,5,483.54
Gritzo,Campaign_4,47,092e44b7-2ee2-4989-bad8-24060df81d2b,Multivitamins,2025-04-20,7,276.97
HKVitals,Campaign_9,48,7796048f-b4b9-4b73-a9de-bccc429e09bd,Multivitamins,2025-04-13,1,294.43
MuscleBlaze,Campaign_1,82,ed5d6510-e52a-43e6-bec5-8a891db3c075,Whey Protein,2025-04-25,8,499.86
HKVitals,Campaign_10,48,fd2336f4-5b44-46ed-b107-6f2e0a715350,Multivitamins,2025-06-05,2,249.56
HKVitals,Campaign_10,23,7e347f69-752f-4d7e-bc36-09088f942977,Kids Nutrition,2025-02-09,3,393.37
HKVitals,Campaign_3,45,25e6d919-ddeb-4d5c-b842-7379d888dcb6,Multivitamins,2025-02-12,3,441.35
Gritzo,Campaign_2,96,de4097c3-3427-4466-97f4-b85d597faaf0,Multivitamins,2025-03-15,8,169.65
HKVitals,Campaign_1,4,bffbd93b-2b15-419e-95bf-85f32e3f674c,Whey Protein,2025-04-27,8,314.12
MuscleBlaze,Campaign_4,74,e411a9d7-9030-4b0c-85d5-aacbd294100f,Kids Nutrition,2025-05-27,5,368.1
Gritzo,Campaign_4,29,ff7d39f7-9563-4c97-b65f-982b95eef45c,Multivitamins,2025-01-19,8,29.34
HKVitals,Campaign_9,84,2e39c29a-921f-466f-8450-205286a8f21a,Whey Protein,2025-04-09,1,358.33
Gritzo,Campaign_1,100,c4ac41b5-3f04-4c7b-93ab-7d2ceba0330c,Multivitamins,2025-04-25,6,121.6
